-- MySQL dump 10.13  Distrib 5.7.31, for Win32 (AMD64)
--
-- Host: localhost    Database: testconcept
-- ------------------------------------------------------
-- Server version	5.7.31

/*!40101 SET @OLD_CHARACTER_SET_CLIENT=@@CHARACTER_SET_CLIENT */;
/*!40101 SET @OLD_CHARACTER_SET_RESULTS=@@CHARACTER_SET_RESULTS */;
/*!40101 SET @OLD_COLLATION_CONNECTION=@@COLLATION_CONNECTION */;
/*!40101 SET NAMES utf8 */;
/*!40103 SET @OLD_TIME_ZONE=@@TIME_ZONE */;
/*!40103 SET TIME_ZONE='+00:00' */;
/*!40014 SET @OLD_UNIQUE_CHECKS=@@UNIQUE_CHECKS, UNIQUE_CHECKS=0 */;
/*!40014 SET @OLD_FOREIGN_KEY_CHECKS=@@FOREIGN_KEY_CHECKS, FOREIGN_KEY_CHECKS=0 */;
/*!40101 SET @OLD_SQL_MODE=@@SQL_MODE, SQL_MODE='NO_AUTO_VALUE_ON_ZERO' */;
/*!40111 SET @OLD_SQL_NOTES=@@SQL_NOTES, SQL_NOTES=0 */;


--
-- Dumping data for table `concept`
--

LOCK TABLES `concept` WRITE;
/*!40000 ALTER TABLE `concept` DISABLE KEYS */;
INSERT INTO `concept` VALUES (1000000,0,NULL,NULL,NULL,2,5,0,1,'2016-10-11 08:57:21',NULL,1,'2016-10-11 08:57:21',NULL,NULL,NULL,'2b2dd557-e324-469b-a62a-2aca8f7d713a'),(1000001,0,NULL,NULL,NULL,2,5,0,1,'2016-10-11 08:59:06',NULL,76,'2016-11-10 11:33:28',NULL,NULL,NULL,'33330a25-87f7-4b43-b3b6-b82d9c7742a4'),(1000002,0,NULL,NULL,NULL,2,5,0,1,'2016-10-11 09:00:02',NULL,1,'2016-10-11 09:00:02',NULL,NULL,NULL,'27f18f47-f269-4cab-bfa4-6c8f70bea1b8'),(1000003,0,NULL,NULL,NULL,2,5,0,1,'2016-10-11 09:02:19',NULL,1,'2016-10-11 09:02:19',NULL,NULL,NULL,'8cbb5bbb-2bf5-40cb-937e-317b6be87fa2'),(1000004,0,NULL,NULL,NULL,2,5,0,1,'2016-10-11 09:03:31',NULL,1,'2016-10-11 09:03:31',NULL,NULL,NULL,'f63d79f1-c08d-4f89-bb77-cfd185ec267e'),(1000005,0,NULL,NULL,NULL,2,5,0,1,'2016-10-11 09:04:38',NULL,1,'2016-10-11 09:04:38',NULL,NULL,NULL,'7ff1c23c-9bcc-4174-b2a0-730127e529a0'),(1000006,0,NULL,NULL,NULL,2,5,0,1,'2016-10-11 09:05:24',NULL,1,'2016-10-11 09:05:24',NULL,NULL,NULL,'b5cb4138-e88d-467c-95f1-3d0b9bac39ae'),(1000007,0,NULL,NULL,NULL,2,5,0,1,'2016-10-11 09:06:16',NULL,1,'2016-10-11 09:06:16',NULL,NULL,NULL,'46a8ef51-f484-4765-95dc-9e869b1e8821'),(1000008,0,NULL,NULL,NULL,2,5,0,1,'2016-10-11 09:07:15',NULL,1,'2016-10-11 09:07:15',NULL,NULL,NULL,'2118ef34-87bc-4470-b73a-ff032cfd729f'),(1000009,0,NULL,NULL,NULL,2,5,0,1,'2016-10-11 09:10:59',NULL,41,'2019-08-15 10:46:20',NULL,NULL,NULL,'af875a4d-046e-48b2-89ab-2046239c418a'),(1000010,0,NULL,NULL,NULL,2,5,0,41,'2016-10-11 10:13:29',NULL,41,'2016-10-11 10:13:29',NULL,NULL,NULL,'b6df40f4-468d-4fff-a4cd-1c2819b872ba'),(1000011,0,NULL,NULL,NULL,2,5,0,41,'2016-10-11 10:20:00',NULL,41,'2016-10-11 10:20:00',NULL,NULL,NULL,'b2906a88-9ca4-4d6d-ac20-f6fa5b55fb43'),(1000012,0,NULL,NULL,NULL,2,5,0,41,'2016-10-11 10:33:00',NULL,41,'2016-10-11 10:33:00',NULL,NULL,NULL,'50cf3f76-e2e0-49e1-b0ef-52998ccacb89'),(1000013,0,NULL,NULL,NULL,2,5,0,41,'2016-10-11 10:35:42',NULL,41,'2016-10-11 10:35:42',NULL,NULL,NULL,'380c130a-cbac-487b-a2b9-19129394f133'),(1000014,0,NULL,NULL,NULL,2,5,0,41,'2016-10-11 10:46:01',NULL,41,'2016-10-11 10:46:01',NULL,NULL,NULL,'30cb33fa-56d7-428c-9bd9-27ad1b81a6e5'),(1000015,0,NULL,NULL,NULL,2,5,0,41,'2016-10-11 10:52:36',NULL,41,'2016-10-11 10:52:36',NULL,NULL,NULL,'b29a0481-2c88-4810-8893-37d1b856199e'),(1000016,0,NULL,NULL,NULL,2,5,0,41,'2016-10-11 11:02:24',NULL,41,'2016-10-11 11:02:24',NULL,NULL,NULL,'e6af429f-5b0e-45a4-848e-8140cb1a4eb6'),(1000017,0,NULL,NULL,NULL,2,5,0,41,'2016-10-11 11:05:01',NULL,41,'2016-10-11 11:05:01',NULL,NULL,NULL,'319704be-1ee8-4e3c-b573-cf57b717da3f'),(1000018,0,NULL,NULL,NULL,2,5,0,41,'2016-10-11 11:06:30',NULL,41,'2016-10-11 11:06:30',NULL,NULL,NULL,'2662b38c-501b-4dfa-aea3-1438eb83bbeb'),(1000019,0,NULL,NULL,NULL,2,5,0,41,'2016-10-11 11:08:49',NULL,41,'2016-10-11 11:08:49',NULL,NULL,NULL,'386d673c-2005-457d-8c05-1cefb8054bba'),(1000020,0,NULL,NULL,NULL,2,5,0,41,'2016-10-11 11:14:13',NULL,41,'2016-10-11 11:14:13',NULL,NULL,NULL,'22e0316b-4475-4e6f-9b39-246e17b133ef'),(1000021,0,NULL,NULL,NULL,2,5,0,41,'2016-10-13 16:56:41',NULL,76,'2016-11-10 11:34:36',NULL,NULL,NULL,'ce820528-f549-4cc3-972a-52e55889e4ce'),(1000022,0,NULL,NULL,NULL,2,5,0,41,'2016-10-13 17:00:21',NULL,76,'2016-11-10 11:33:52',NULL,NULL,NULL,'f7a1d289-6690-4d9f-9969-55488bb10c19'),(1000023,0,NULL,NULL,NULL,2,5,0,76,'2016-11-10 13:09:28',NULL,76,'2016-11-10 13:09:28',NULL,NULL,NULL,'d4883045-9109-42fc-a156-e7118928f921'),(1000024,0,NULL,NULL,NULL,4,5,0,1,'2017-03-14 17:37:21',NULL,1,'2017-03-14 17:37:21',NULL,NULL,NULL,'f775b444-470c-46f0-a0c8-740e22813766'),(1000025,0,NULL,NULL,NULL,2,5,0,1,'2017-03-14 17:40:49',NULL,1,'2017-03-14 17:41:01',NULL,NULL,NULL,'5bd90afe-64c3-4ab5-b66e-1787947e9dfd'),(1000026,0,NULL,NULL,NULL,4,5,0,1,'2017-03-14 17:43:03',NULL,1,'2017-03-14 17:43:03',NULL,NULL,NULL,'26c370e7-9456-4445-aa6f-ed952a658082'),(1000027,0,NULL,NULL,NULL,3,5,0,1,'2017-03-14 17:43:43',NULL,1,'2017-03-14 17:43:43',NULL,NULL,NULL,'7029459b-1d45-4512-8a31-e9a5b82a36a1'),(1000028,0,NULL,NULL,NULL,3,7,0,1,'2017-03-14 17:45:29',NULL,1,'2017-03-14 17:45:29',NULL,NULL,NULL,'afbf8259-7ed9-4d3c-ad84-ea317bb40ba2'),(1000029,0,NULL,NULL,NULL,3,7,0,1,'2017-03-14 17:46:46',NULL,1,'2017-03-14 17:46:46',NULL,NULL,NULL,'bee45280-4251-4cd4-b5e6-351d2584fae6'),(1000030,0,NULL,NULL,NULL,3,11,0,1,'2017-03-14 17:49:52',NULL,1,'2017-03-14 17:49:52',NULL,NULL,NULL,'11fa45ef-f887-4de3-98f5-1e7b901e7817'),(1000031,0,NULL,NULL,NULL,3,11,0,1,'2017-03-14 17:50:17',NULL,1,'2017-03-14 17:50:17',NULL,NULL,NULL,'aedd2400-fcfe-4e9a-ac46-d8a08db68f1f'),(1000032,0,NULL,NULL,NULL,3,11,0,1,'2017-03-14 17:50:44',NULL,1,'2017-03-14 17:50:44',NULL,NULL,NULL,'b303ad5e-f6b2-486d-9e46-86f4b3f13982'),(1000033,0,NULL,NULL,NULL,3,11,0,1,'2017-03-14 17:51:09',NULL,1,'2017-03-14 17:51:09',NULL,NULL,NULL,'e58d78c1-6f3e-4dc6-9b25-b30d119e2567'),(1000034,0,NULL,NULL,NULL,2,5,0,1,'2017-03-14 17:52:22',NULL,1,'2017-04-04 10:48:31',NULL,NULL,NULL,'4a957b7d-a0e0-4dec-a409-86984ead93e7'),(1000035,0,NULL,NULL,NULL,4,11,0,1,'2017-03-14 17:52:55',NULL,1,'2017-03-14 17:52:55',NULL,NULL,NULL,'d22d2fad-9f42-4113-b73a-8bbbf83ba8f0'),(1000036,0,NULL,NULL,NULL,4,5,0,1,'2017-03-14 17:53:12',NULL,1,'2017-03-14 17:53:12',NULL,NULL,NULL,'1284ccca-19dc-4647-8337-17f5314c7ba4'),(1000037,0,NULL,NULL,NULL,4,5,0,1,'2017-03-14 17:53:28',NULL,1,'2017-03-14 17:53:28',NULL,NULL,NULL,'43d0da5a-9eaf-4753-86dd-8e05253f3fa2'),(1000038,0,NULL,NULL,NULL,3,5,0,1,'2017-03-14 17:54:05',NULL,1,'2017-03-14 17:54:05',NULL,NULL,NULL,'c03819f4-28f9-4671-8d6f-317ef6a35a8b'),(1000039,0,NULL,NULL,NULL,4,5,0,1,'2017-03-14 17:55:05',NULL,1,'2017-03-14 17:55:05',NULL,NULL,NULL,'0090e86e-b272-44e9-a045-7c0de599d115'),(1000040,0,NULL,NULL,NULL,4,5,0,1,'2017-03-14 17:55:28',NULL,1,'2017-03-14 17:55:28',NULL,NULL,NULL,'b32f9c8f-c3d7-4a74-a8ef-c55002e7f737'),(1000041,0,NULL,NULL,NULL,4,5,0,1,'2017-03-14 17:55:54',NULL,1,'2017-03-14 17:55:54',NULL,NULL,NULL,'c44faa3e-ab7d-4612-9a23-7a577992d848'),(1000042,0,NULL,NULL,NULL,2,5,0,1,'2017-03-14 17:57:33',NULL,1,'2017-03-14 18:03:22',NULL,NULL,NULL,'21814b2e-4825-4a77-96b1-37aa94f04810'),(1000043,0,NULL,NULL,NULL,2,5,0,1,'2017-03-14 18:02:48',NULL,1,'2017-03-14 18:02:48',NULL,NULL,NULL,'1ae3a476-1f20-4c49-bbe8-024c04d21b53'),(1000044,0,NULL,NULL,NULL,4,5,0,1,'2017-03-14 18:15:34',NULL,1,'2017-03-14 18:15:34',NULL,NULL,NULL,'1f4aeb8f-c0bf-409c-9e75-41ebc6a21b39'),(1000045,0,NULL,NULL,NULL,4,5,0,1,'2017-03-14 18:15:51',NULL,1,'2017-03-14 18:15:51',NULL,NULL,NULL,'27f5e39e-2a7e-4fcd-84c6-e591b0b1b77c'),(1000046,0,NULL,NULL,NULL,4,5,0,1,'2017-03-14 18:16:09',NULL,1,'2017-03-14 18:16:09',NULL,NULL,NULL,'1836bbfd-ba68-43be-92ac-83813318d422'),(1000047,0,NULL,NULL,NULL,4,5,0,1,'2017-03-14 18:16:43',NULL,1,'2017-03-14 18:16:43',NULL,NULL,NULL,'6a5bb7db-c08e-4318-be69-9d7b3a3f59a8'),(1000048,0,NULL,NULL,NULL,4,5,0,1,'2017-03-14 18:17:27',NULL,1,'2017-03-14 18:17:27',NULL,NULL,NULL,'d1d0fc32-2e25-4670-98b3-89f40fc707da'),(1000049,0,NULL,NULL,NULL,4,5,0,1,'2017-03-14 18:17:41',NULL,1,'2017-03-14 18:17:41',NULL,NULL,NULL,'65c4494e-535f-401d-9694-6754ca804769'),(1000050,0,NULL,NULL,NULL,2,5,0,1,'2017-03-14 18:17:59',NULL,1,'2017-03-14 18:17:59',NULL,NULL,NULL,'1739bd77-9d70-4039-9205-453226642cf6'),(1000051,0,NULL,NULL,NULL,4,5,0,1,'2017-03-14 18:21:12',NULL,1,'2017-03-14 18:21:12',NULL,NULL,NULL,'858371ac-400d-4517-9015-5f994e938ba6'),(1000052,0,NULL,NULL,NULL,4,5,0,1,'2017-03-14 18:21:31',NULL,1,'2017-03-14 18:21:31',NULL,NULL,NULL,'a9162290-51ab-4c1b-ab39-d99cc61ff197'),(1000053,0,NULL,NULL,NULL,2,5,0,1,'2017-03-14 18:24:41',NULL,1,'2017-03-14 18:24:41',NULL,NULL,NULL,'460cbd25-d4ef-499c-bec2-6c2b10541036'),(1000054,0,NULL,NULL,NULL,2,5,0,1,'2017-03-14 18:27:56',NULL,41,'2017-10-03 18:58:04',NULL,NULL,NULL,'c4a5afc4-5fd0-41de-b337-5ea8138cb8f0'),(1000055,0,NULL,NULL,NULL,3,5,0,1,'2017-03-14 18:28:56',NULL,1,'2017-03-14 18:28:56',NULL,NULL,NULL,'543110bb-5edb-4899-be47-be1d8c11871a'),(1000056,0,NULL,NULL,NULL,1,5,0,1,'2017-04-03 14:43:08',NULL,1,'2017-04-03 14:43:08',NULL,NULL,NULL,'775110f1-fbf6-4f25-aa6b-cb2cbf8802bf'),(1000057,0,NULL,NULL,NULL,1,5,0,1,'2017-04-03 14:43:28',NULL,1,'2017-04-03 14:43:28',NULL,NULL,NULL,'1d888637-ded2-4b59-af85-10c2c005352b'),(1000058,0,NULL,NULL,NULL,2,7,0,1,'2017-04-03 14:52:45',NULL,1,'2017-04-03 14:52:45',NULL,NULL,NULL,'5fac7ae2-c815-4800-87eb-e284bed779d0'),(1000059,0,NULL,NULL,NULL,4,5,0,1,'2017-04-03 14:53:30',NULL,1,'2017-04-03 14:53:30',NULL,NULL,NULL,'e7fb8f5c-fa1c-43cf-b1e9-dd0fd6851fb4'),(1000060,0,NULL,NULL,NULL,4,5,0,1,'2017-04-03 14:58:53',NULL,1,'2017-04-04 21:25:49',NULL,NULL,NULL,'95872b3e-49f0-4d17-9914-053dc2ec4005'),(1000061,0,NULL,NULL,NULL,2,5,0,1,'2017-04-03 15:03:17',NULL,1,'2017-04-03 15:03:17',NULL,NULL,NULL,'42b78ee0-50f1-4e28-afdb-ed6551bf3f8f'),(1000062,0,NULL,NULL,NULL,4,5,0,1,'2017-04-03 15:03:57',NULL,1,'2017-04-03 15:03:57',NULL,NULL,NULL,'6faad244-dc6b-4eb7-9013-8bf35c417cff'),(1000063,0,NULL,NULL,NULL,2,5,0,1,'2017-04-03 15:04:28',NULL,1,'2017-04-03 15:04:28',NULL,NULL,NULL,'f9085862-e9aa-428b-827b-f9680462e4a1'),(1000064,0,NULL,NULL,NULL,4,5,0,1,'2017-04-03 15:05:35',NULL,1,'2017-04-03 15:05:35',NULL,NULL,NULL,'993e46d8-db29-41f3-83d0-a42d64df4772'),(1000065,0,NULL,NULL,NULL,4,5,0,1,'2017-04-03 15:06:11',NULL,1,'2017-04-03 15:06:11',NULL,NULL,NULL,'62590548-fc6c-4774-869d-c6e61090bfd5'),(1000066,0,NULL,NULL,NULL,4,5,0,1,'2017-04-03 15:07:43',NULL,1,'2017-04-03 15:07:43',NULL,NULL,NULL,'588eb6e1-a10d-4e11-9697-0e334e0b83ba'),(1000067,0,NULL,NULL,NULL,4,5,0,1,'2017-04-03 15:08:30',NULL,1,'2017-04-03 15:08:30',NULL,NULL,NULL,'e5606d58-7aff-4082-90da-7b07ce0b3842'),(1000068,0,NULL,NULL,NULL,4,5,0,1,'2017-04-03 15:09:20',NULL,1,'2017-04-03 15:09:20',NULL,NULL,NULL,'148d930f-1831-4c2e-a77f-a9e8ba49612a'),(1000069,0,NULL,NULL,NULL,4,5,0,1,'2017-04-03 15:24:54',NULL,1,'2017-04-03 15:24:54',NULL,NULL,NULL,'7edea149-2f71-4031-a43a-3b67fe924285'),(1000070,0,NULL,NULL,NULL,4,5,0,1,'2017-04-03 15:25:17',NULL,1,'2017-04-03 15:25:17',NULL,NULL,NULL,'128b9f0c-13bf-4d2e-a6bc-9a912cd2ed14'),(1000071,0,NULL,NULL,NULL,4,5,0,1,'2017-04-03 15:28:50',NULL,1,'2017-04-03 15:28:50',NULL,NULL,NULL,'36052dc4-065d-4fd2-9593-acee248d79b4'),(1000072,0,NULL,NULL,NULL,4,5,0,1,'2017-04-03 15:29:29',NULL,1,'2017-04-03 15:29:29',NULL,NULL,NULL,'b8f0a8b2-7d55-45fd-850a-ab6f4a5127b7'),(1000073,0,NULL,NULL,NULL,4,5,0,1,'2017-04-03 15:30:06',NULL,1,'2017-04-03 15:30:06',NULL,NULL,NULL,'571b07d1-745f-4015-9aec-390b20a51679'),(1000074,0,NULL,NULL,NULL,4,5,0,1,'2017-04-03 15:30:37',NULL,1,'2017-04-03 15:30:37',NULL,NULL,NULL,'b9cb8b06-5559-494c-b911-c738d1d2b077'),(1000075,0,NULL,NULL,NULL,4,5,0,1,'2017-04-03 15:31:22',NULL,1,'2017-04-03 15:31:22',NULL,NULL,NULL,'3a249bf0-1226-444c-a491-cd0590c6fa0b'),(1000076,0,NULL,NULL,NULL,4,5,0,1,'2017-04-03 15:32:46',NULL,1,'2017-04-03 15:32:46',NULL,NULL,NULL,'3c55ee1d-be75-45b8-a6be-244f5187c708'),(1000077,0,NULL,NULL,NULL,4,5,0,1,'2017-04-03 15:34:05',NULL,1,'2017-04-03 15:34:05',NULL,NULL,NULL,'1f28f9f1-4ec6-49c3-ae44-5590fc43a63d'),(1000078,0,NULL,NULL,NULL,4,5,0,1,'2017-04-03 15:35:42',NULL,1,'2017-04-03 15:35:42',NULL,NULL,NULL,'1d6c4452-dea2-4917-98f2-3b0f5d2cd641'),(1000079,0,NULL,NULL,NULL,4,5,0,1,'2017-04-03 15:36:09',NULL,1,'2017-04-03 15:36:09',NULL,NULL,NULL,'795db422-2e6f-4563-bdbd-f1052c27d91c'),(1000080,0,NULL,NULL,NULL,4,5,0,1,'2017-04-03 15:36:39',NULL,1,'2017-04-04 22:14:33',NULL,NULL,NULL,'cb460f05-0c99-428c-b80b-9e06c7791a55'),(1000081,0,NULL,NULL,NULL,4,2,0,1,'2017-04-03 15:42:26',NULL,1,'2017-04-03 15:42:26',NULL,NULL,NULL,'c4004708-8835-49aa-8cc7-ba5156364d52'),(1000082,0,NULL,NULL,NULL,4,5,0,1,'2017-04-03 15:44:22',NULL,1,'2017-04-03 15:44:22',NULL,NULL,NULL,'caaceecf-6da5-42b4-aa91-63b05d39fb22'),(1000083,0,NULL,NULL,NULL,4,5,0,1,'2017-04-03 15:47:18',NULL,1,'2017-04-03 15:47:18',NULL,NULL,NULL,'dede683d-3670-4557-a272-503285e734ea'),(1000084,0,NULL,NULL,NULL,4,5,0,1,'2017-04-03 15:47:57',NULL,1,'2017-04-03 15:47:57',NULL,NULL,NULL,'b6076689-a52e-4a5c-a270-1b382a0b2428'),(1000085,0,NULL,NULL,NULL,4,6,0,1,'2017-04-03 15:49:10',NULL,1,'2017-04-03 15:49:10',NULL,NULL,NULL,'e71d1902-9e94-4ae9-aa6a-97eb9b016cf3'),(1000086,0,NULL,NULL,NULL,4,5,0,1,'2017-04-03 15:49:33',NULL,1,'2017-04-03 15:49:33',NULL,NULL,NULL,'3c3d200f-776e-4e72-befe-b4e028e69861'),(1000087,0,NULL,NULL,NULL,4,5,0,1,'2017-04-03 15:50:07',NULL,1,'2017-04-03 15:50:07',NULL,NULL,NULL,'58cb2672-72bc-4090-b877-563dae7b46f2'),(1000088,0,NULL,NULL,NULL,4,5,0,1,'2017-04-03 15:52:24',NULL,1,'2017-04-03 15:52:24',NULL,NULL,NULL,'0e72d231-fa85-4940-a8d4-68e2471e468b'),(1000089,0,NULL,NULL,NULL,4,5,0,1,'2017-04-03 15:52:42',NULL,1,'2017-04-03 15:52:42',NULL,NULL,NULL,'454c5c66-e88c-4072-a11c-d375440e8956'),(1000090,0,NULL,NULL,NULL,4,5,0,1,'2017-04-03 15:53:03',NULL,1,'2017-04-03 15:53:03',NULL,NULL,NULL,'1f83e8ba-977b-4b51-9b62-399981fbaeb8'),(1000091,0,NULL,NULL,NULL,4,5,0,1,'2017-04-03 15:53:45',NULL,1,'2017-04-03 15:53:45',NULL,NULL,NULL,'f9974524-c551-4e5f-89e9-c05446791c43'),(1000092,0,NULL,NULL,NULL,4,5,0,1,'2017-04-03 15:54:13',NULL,1,'2017-04-03 15:54:13',NULL,NULL,NULL,'bfc9cd8e-292f-4558-b14d-b0bef5bfd2aa'),(1000093,0,NULL,NULL,NULL,4,5,0,1,'2017-04-03 15:56:34',NULL,1,'2017-04-03 15:56:34',NULL,NULL,NULL,'46447f02-ba58-4c50-ba60-9fde1a541537'),(1000094,0,NULL,NULL,NULL,4,5,0,1,'2017-04-03 15:57:26',NULL,1,'2017-04-03 15:57:26',NULL,NULL,NULL,'6f2e2a3b-2996-4ea8-bb8f-4c72d12c547f'),(1000095,0,NULL,NULL,NULL,4,5,0,1,'2017-04-03 15:58:21',NULL,1,'2017-04-03 15:58:21',NULL,NULL,NULL,'669db36a-b704-48cd-a566-35e5d9001243'),(1000096,0,NULL,NULL,NULL,4,5,0,1,'2017-04-03 15:58:50',NULL,1,'2017-04-03 15:58:50',NULL,NULL,NULL,'d0d23540-fe25-4234-b133-0b895bab9aba'),(1000097,0,NULL,NULL,NULL,3,5,0,1,'2017-04-03 15:59:49',NULL,1,'2017-04-03 15:59:49',NULL,NULL,NULL,'75d89583-56e5-4ce9-8725-e2ffb96acb9d'),(1000098,0,NULL,NULL,NULL,3,5,0,1,'2017-04-03 16:00:53',NULL,1,'2017-04-03 16:00:53',NULL,NULL,NULL,'babffe3e-387f-4ea2-a6ca-37c10e685a0e'),(1000099,0,NULL,NULL,NULL,3,5,0,1,'2017-04-03 16:02:51',NULL,1,'2017-04-03 16:02:51',NULL,NULL,NULL,'0c563974-c98d-49e5-ad79-a0f3c46bdf50'),(1000100,0,NULL,NULL,NULL,3,5,0,1,'2017-04-03 16:03:32',NULL,1,'2017-04-03 16:03:32',NULL,NULL,NULL,'3e85b603-951b-41ad-8c0a-fa09b0f2c161'),(1000101,0,NULL,NULL,NULL,3,5,0,1,'2017-04-03 20:02:44',NULL,1,'2017-04-03 20:02:44',NULL,NULL,NULL,'96320088-5537-45b0-be48-b4701ea06dc3'),(1000102,0,NULL,NULL,NULL,3,7,0,1,'2017-04-03 20:11:04',NULL,1,'2017-04-03 20:11:04',NULL,NULL,NULL,'4529079d-ffe1-419d-92ed-c10004c61dd9'),(1000103,0,NULL,NULL,NULL,3,5,0,1,'2017-04-04 15:03:44',NULL,1,'2017-04-04 15:03:44',NULL,NULL,NULL,'bb1d4297-f3d8-4d5c-adf2-588a6b309081'),(1000104,0,NULL,NULL,NULL,2,5,0,1,'2017-04-04 22:28:24',NULL,1,'2017-04-04 22:28:24',NULL,NULL,NULL,'3b0262bb-9456-4930-a54a-164722eb734d'),(1000105,0,NULL,NULL,NULL,2,5,0,1,'2017-04-04 22:30:24',NULL,1,'2017-04-04 22:30:24',NULL,NULL,NULL,'c458db02-aa8b-4344-b8a5-38b621b19e95'),(1000106,0,NULL,NULL,NULL,4,5,0,1,'2017-04-17 12:24:24',NULL,1,'2017-04-17 12:24:24',NULL,NULL,NULL,'77553f8c-ae99-4089-890f-315e370e071f'),(1000107,0,NULL,NULL,NULL,4,5,0,1,'2017-04-17 12:24:44',NULL,1,'2017-04-17 12:24:44',NULL,NULL,NULL,'b01d3638-aa48-49c8-b18a-91a361d9dc5e'),(1000108,0,NULL,NULL,NULL,2,5,0,1,'2017-04-17 13:10:13',NULL,1,'2017-04-17 13:41:05',NULL,NULL,NULL,'bd2ba88c-7e4c-4285-a4ad-d6eb92684875'),(1000109,0,NULL,NULL,NULL,4,5,0,1,'2017-04-17 13:10:49',NULL,1,'2017-04-17 13:10:49',NULL,NULL,NULL,'996ef6a0-dd04-480f-afdf-32f127baa53e'),(1000110,0,NULL,NULL,NULL,4,5,0,1,'2017-04-17 13:11:10',NULL,1,'2017-04-17 13:11:10',NULL,NULL,NULL,'20c27f1c-235c-464d-a242-329a0a77d3d2'),(1000111,0,NULL,NULL,NULL,4,5,0,1,'2017-04-17 13:11:35',NULL,1,'2017-04-17 13:11:35',NULL,NULL,NULL,'78478ba0-fdf3-48bd-97cd-fa29a6aa07a1'),(1000112,0,NULL,NULL,NULL,4,5,0,1,'2017-04-17 13:12:33',NULL,1,'2017-04-17 13:12:42',NULL,NULL,NULL,'17ee6b36-141d-49c1-bd95-4a056becf315'),(1000113,0,NULL,NULL,NULL,4,5,0,1,'2017-04-17 13:13:05',NULL,1,'2017-04-17 13:13:05',NULL,NULL,NULL,'f9f29b4a-2a8d-4b43-958c-794c352d97a9'),(1000114,0,NULL,NULL,NULL,4,5,0,1,'2017-04-17 13:13:19',NULL,1,'2017-04-17 13:13:19',NULL,NULL,NULL,'b47e37d1-eb30-4349-a0ac-42b8d6373245'),(1000115,0,NULL,NULL,NULL,2,5,0,1,'2017-04-17 13:14:00',NULL,1,'2017-04-17 15:55:21',NULL,NULL,NULL,'a90b2afd-b33d-4c96-b13b-2a864e49d020'),(1000116,0,NULL,NULL,NULL,4,5,0,1,'2017-04-17 13:15:15',NULL,1,'2017-04-17 13:15:15',NULL,NULL,NULL,'5b49ee31-8718-401e-bf52-9d6cb565d5bb'),(1000117,0,NULL,NULL,NULL,4,5,0,1,'2017-04-17 13:17:00',NULL,1,'2017-04-17 13:17:00',NULL,NULL,NULL,'aac890b7-7159-48e6-b2fc-b87bb674bfaa'),(1000118,0,NULL,NULL,NULL,4,5,0,1,'2017-04-17 13:17:35',NULL,1,'2017-04-17 13:17:35',NULL,NULL,NULL,'2fff28b5-d01f-48ee-9955-cd19ecfd5804'),(1000119,0,NULL,NULL,NULL,4,5,0,1,'2017-04-17 13:17:54',NULL,1,'2017-04-17 13:17:54',NULL,NULL,NULL,'ed99140a-60a0-492d-8a94-65919f641b86'),(1000120,0,NULL,NULL,NULL,4,5,0,1,'2017-04-17 13:18:29',NULL,1,'2017-04-17 13:18:29',NULL,NULL,NULL,'0c849548-dc2e-4f22-8364-8e91462b8c18'),(1000121,0,NULL,NULL,NULL,4,5,0,1,'2017-04-17 13:18:48',NULL,1,'2017-04-17 13:18:48',NULL,NULL,NULL,'a7d91e9a-39a0-4a24-a6b0-5db6c302a311'),(1000122,0,NULL,NULL,NULL,4,5,0,1,'2017-04-17 13:19:18',NULL,1,'2017-04-17 13:19:18',NULL,NULL,NULL,'ed011d37-e96d-42e9-b7aa-3e39a6d2a8ac'),(1000123,0,NULL,NULL,NULL,4,5,0,1,'2017-04-17 13:19:42',NULL,1,'2017-04-17 13:19:42',NULL,NULL,NULL,'7d29edae-1a5b-4493-a24d-c8878a7edde6'),(1000124,0,NULL,NULL,NULL,4,5,0,1,'2017-04-17 15:54:11',NULL,1,'2017-04-17 15:54:11',NULL,NULL,NULL,'62867d5d-88f6-4def-8ac6-b6cf80ab8a5a'),(1000125,0,NULL,NULL,NULL,2,5,0,1,'2017-04-17 16:05:56',NULL,1,'2017-04-17 16:05:56',NULL,NULL,NULL,'89c3e012-a04c-4311-8022-7969c91acc5b'),(1000126,0,NULL,NULL,NULL,2,5,0,1,'2017-04-17 16:21:15',NULL,1,'2017-04-17 16:23:35',NULL,NULL,NULL,'ecfbf339-8c8a-4044-8e71-ecb5a0ca85ee'),(1000127,0,NULL,NULL,NULL,4,5,0,1,'2017-04-17 16:21:51',NULL,1,'2017-04-17 16:21:51',NULL,NULL,NULL,'24214a25-92fc-4676-8390-171010b8a24d'),(1000128,0,NULL,NULL,NULL,2,5,0,1,'2017-04-17 16:22:09',NULL,1,'2017-04-17 16:22:09',NULL,NULL,NULL,'1337a81b-874f-464c-b4ad-092f1d4441c9'),(1000129,0,NULL,NULL,NULL,4,5,0,1,'2017-04-17 16:22:28',NULL,1,'2017-04-17 16:22:28',NULL,NULL,NULL,'33b15933-f21e-4e3a-b083-90c1bcac9472'),(1000130,0,NULL,NULL,NULL,4,5,0,1,'2017-04-17 16:22:47',NULL,1,'2017-04-17 16:22:47',NULL,NULL,NULL,'d989fab5-8d78-480d-adeb-e2fd004a1cd4'),(1000131,0,NULL,NULL,NULL,2,5,0,1,'2017-04-17 16:27:19',NULL,1,'2017-04-17 16:55:27',NULL,NULL,NULL,'232951a1-ada7-4862-81b2-419bde4f2671'),(1000132,0,NULL,NULL,NULL,1,5,0,1,'2017-04-17 16:45:14',NULL,1,'2017-04-17 16:46:04',NULL,NULL,NULL,'d514805b-8b5e-4c7f-ac80-3565d62d20b1'),(1000133,0,NULL,NULL,NULL,4,5,0,1,'2017-04-17 16:48:47',NULL,1,'2017-04-17 16:48:47',NULL,NULL,NULL,'0bc39d7c-d952-44bd-bc12-da9433428854'),(1000134,0,NULL,NULL,NULL,4,5,0,1,'2017-04-17 16:49:13',NULL,1,'2017-04-17 16:49:13',NULL,NULL,NULL,'edafb997-f733-43ba-97e6-52e1d3d1e750'),(1000135,0,NULL,NULL,NULL,4,5,0,1,'2017-04-17 16:49:32',NULL,1,'2017-04-17 16:49:32',NULL,NULL,NULL,'5dc86555-d80a-4f9e-9cc4-c902f08f0f7b'),(1000136,0,NULL,NULL,NULL,4,5,0,1,'2017-04-17 16:49:52',NULL,1,'2017-04-17 16:49:52',NULL,NULL,NULL,'9c1d2d5b-618c-4232-ad03-cee55fdad6aa'),(1000137,0,NULL,NULL,NULL,4,5,0,1,'2017-04-17 16:50:07',NULL,1,'2017-04-17 16:50:28',NULL,NULL,NULL,'9abf21e3-f57b-404c-a300-f18fd56c4380'),(1000138,0,NULL,NULL,NULL,4,5,0,1,'2017-04-17 16:50:58',NULL,1,'2017-04-17 16:50:58',NULL,NULL,NULL,'ba354ea5-4c08-44ad-ab18-9bb3d30694a3'),(1000139,0,NULL,NULL,NULL,2,5,0,1,'2017-04-17 16:51:27',NULL,1,'2017-04-17 16:53:50',NULL,NULL,NULL,'cabec09c-f199-4f2b-8da5-0dd2c41a3ca4'),(1000140,0,NULL,NULL,NULL,4,5,0,1,'2017-04-17 16:51:59',NULL,1,'2017-04-17 16:51:59',NULL,NULL,NULL,'a6d2eb6d-b689-49fb-ad1c-c5aa25ad3cf3'),(1000141,0,NULL,NULL,NULL,4,5,0,1,'2017-04-17 16:52:29',NULL,1,'2017-04-17 16:52:29',NULL,NULL,NULL,'7c21f9cc-f935-4406-b166-eaddd5380e60'),(1000142,0,NULL,NULL,NULL,4,5,0,1,'2017-04-17 16:53:04',NULL,1,'2017-04-17 16:53:04',NULL,NULL,NULL,'017e57ab-272b-40bc-859e-3374cfa6214f'),(1000143,0,NULL,NULL,NULL,2,5,0,1,'2017-04-17 17:04:22',NULL,1,'2017-04-17 17:07:00',NULL,NULL,NULL,'72abd96a-9fb2-4d3b-924d-e6bb95c44468'),(1000144,0,NULL,NULL,NULL,4,5,0,1,'2017-04-17 17:04:39',NULL,1,'2017-04-17 17:04:39',NULL,NULL,NULL,'fae210bd-113d-4b38-867c-d7623daa08e5'),(1000145,0,NULL,NULL,NULL,4,5,0,1,'2017-04-17 17:04:58',NULL,1,'2017-04-17 17:04:58',NULL,NULL,NULL,'1f74b052-7b32-4608-8b70-13439b79b914'),(1000146,0,NULL,NULL,NULL,4,5,0,1,'2017-04-17 17:05:14',NULL,1,'2017-04-17 17:05:14',NULL,NULL,NULL,'abbe3c7c-dd18-4569-9643-89a13562218b'),(1000147,0,NULL,NULL,NULL,4,5,0,1,'2017-04-17 17:05:41',NULL,1,'2017-04-17 17:07:14',NULL,NULL,NULL,'1c0dce0a-ce6b-4b84-836c-a80c36c89806'),(1000148,0,NULL,NULL,NULL,2,5,0,1,'2017-04-17 17:13:46',NULL,1,'2017-04-17 17:15:20',NULL,NULL,NULL,'a539eff6-8490-4a3d-9207-148b340cefa1'),(1000149,0,NULL,NULL,NULL,4,5,0,1,'2017-04-17 17:14:43',NULL,1,'2017-04-17 17:14:43',NULL,NULL,NULL,'8a8e000e-262b-4b2f-ade6-38adc4f11a6e'),(1000150,0,NULL,NULL,NULL,4,5,0,1,'2017-04-17 17:14:55',NULL,1,'2017-04-17 17:14:55',NULL,NULL,NULL,'64bbe686-a0e8-4847-894d-8eccb33dcca5'),(1000151,0,NULL,NULL,NULL,3,7,0,1,'2017-04-17 17:43:03',NULL,1,'2017-04-17 17:43:03',NULL,NULL,NULL,'34c8b48f-03e0-44b0-8ea7-c41bd07ede3e'),(1000152,0,NULL,NULL,NULL,2,5,0,1,'2017-04-17 17:50:52',NULL,1,'2017-04-17 17:50:52',NULL,NULL,NULL,'3cb16e08-7b2b-47c7-af94-edd279d8d32f'),(1000153,0,NULL,NULL,NULL,4,5,0,1,'2017-04-17 17:58:51',NULL,1,'2017-04-17 17:58:51',NULL,NULL,NULL,'42bb1241-e0a0-4469-8d3f-93572ebb8011'),(1000154,0,NULL,NULL,NULL,3,5,0,1,'2017-04-17 17:59:55',NULL,1,'2017-04-17 17:59:55',NULL,NULL,NULL,'7cf321f7-c308-4108-b822-e3ca63a80ba0'),(1000155,0,NULL,NULL,NULL,1,5,0,1,'2017-04-17 18:00:21',NULL,1,'2017-04-17 18:00:33',NULL,NULL,NULL,'6e653c4d-6628-4428-88c8-207069fc8b92'),(1000156,0,NULL,NULL,NULL,4,5,0,1,'2017-04-17 18:00:51',NULL,1,'2017-04-17 18:00:51',NULL,NULL,NULL,'fafb79fe-1fe7-40d5-ac60-85b55205972d'),(1000157,0,NULL,NULL,NULL,3,5,0,1,'2017-04-17 18:01:20',NULL,1,'2017-04-17 18:01:20',NULL,NULL,NULL,'f0b7d1c8-daab-4d06-b678-d07e43a66e54'),(1000158,0,NULL,NULL,NULL,3,5,0,1,'2017-04-17 18:02:00',NULL,1,'2017-04-17 18:02:00',NULL,NULL,NULL,'403127fd-b58d-4bae-a5fe-90ad98e130c0'),(1000159,0,NULL,NULL,NULL,2,5,0,1,'2017-04-17 18:02:52',NULL,1,'2017-04-17 18:02:52',NULL,NULL,NULL,'08d5ce1a-f15b-401b-913b-21f0f95445b5'),(1000160,0,NULL,NULL,NULL,2,5,0,1,'2017-04-17 18:05:25',NULL,1,'2017-04-17 18:10:44',NULL,NULL,NULL,'59db94cc-5320-4627-baca-9e996b898893'),(1000161,0,NULL,NULL,NULL,6,5,0,1,'2017-04-17 18:07:17',NULL,1,'2017-04-17 18:07:17',NULL,NULL,NULL,'0dfdcbe2-7bea-45e0-a79f-3c51ab13ae8f'),(1000162,0,NULL,NULL,NULL,6,5,0,1,'2017-04-17 18:07:36',NULL,1,'2017-04-17 18:07:36',NULL,NULL,NULL,'b9d639db-5914-479b-b826-adfd937ff484'),(1000163,0,NULL,NULL,NULL,3,5,0,1,'2017-04-17 18:08:11',NULL,1,'2017-04-17 18:08:11',NULL,NULL,NULL,'2543773f-6b1c-479c-b3c7-4ae42d635f62'),(1000164,0,NULL,NULL,NULL,3,5,0,1,'2017-04-17 18:08:30',NULL,1,'2017-04-17 18:08:30',NULL,NULL,NULL,'2db3b4e0-a520-4255-9262-5b968cdc22ab'),(1000165,0,NULL,NULL,NULL,3,5,0,1,'2017-04-17 18:09:15',NULL,1,'2017-04-17 18:09:15',NULL,NULL,NULL,'d93080eb-09de-4f57-9f13-440a600f52e1'),(1000166,0,NULL,NULL,NULL,3,5,0,1,'2017-04-17 18:33:00',NULL,1,'2017-04-17 18:33:00',NULL,NULL,NULL,'1397c5ef-3045-4a60-9026-44bfbd9226aa'),(1000167,0,NULL,NULL,NULL,1,7,0,1,'2017-04-20 15:18:33',NULL,1,'2017-04-20 15:18:33',NULL,NULL,NULL,'364ee58a-ac29-4074-b618-7d55a315a2d0'),(1000168,0,NULL,NULL,NULL,2,7,0,1,'2017-04-20 15:19:40',NULL,1,'2017-04-20 15:19:40',NULL,NULL,NULL,'4b536d9b-986f-4e36-a35d-37d4df16f873'),(1000169,0,NULL,NULL,NULL,6,7,0,1,'2017-04-20 15:20:32',NULL,1,'2017-04-20 15:20:32',NULL,NULL,NULL,'1d468be3-9a63-4f7e-8173-14896cbcde82'),(1000170,0,NULL,NULL,NULL,3,7,0,1,'2017-04-20 15:21:08',NULL,1,'2017-04-20 15:21:08',NULL,NULL,NULL,'bbb6a0bb-371c-4656-8be4-2fc662483095'),(1000171,0,NULL,NULL,NULL,2,5,0,1,'2017-04-20 15:38:21',NULL,1,'2017-04-20 15:43:31',NULL,NULL,NULL,'d8f744ff-074b-4ba0-93c6-6cd0b9701906'),(1000172,0,NULL,NULL,NULL,4,1,0,1,'2017-04-20 15:38:43',NULL,1,'2017-04-20 15:38:43',NULL,NULL,NULL,'9f759906-2ed8-4cbc-bbe0-9e3c60650aca'),(1000173,0,NULL,NULL,NULL,4,1,0,1,'2017-04-20 15:39:00',NULL,1,'2017-04-20 15:39:00',NULL,NULL,NULL,'f5981f34-c383-47a1-9ff3-0ce148296479'),(1000174,0,NULL,NULL,NULL,3,5,0,1,'2017-04-20 15:44:07',NULL,1,'2017-04-20 15:44:07',NULL,NULL,NULL,'18dd2229-7216-4ed0-80d9-7dd7957b0f49'),(1000175,0,NULL,NULL,NULL,3,5,0,1,'2017-04-20 15:45:30',NULL,1,'2017-04-20 15:45:30',NULL,NULL,NULL,'9a2a95df-adc7-46d9-af69-db4362bb9cdd'),(1000176,0,NULL,NULL,NULL,3,5,0,41,'2017-07-21 11:13:40',NULL,41,'2017-07-21 11:15:10',NULL,NULL,NULL,'bfe2826d-2414-4dd7-9645-d6c69424b8c2'),(1000177,0,NULL,NULL,NULL,3,5,0,41,'2017-10-03 16:57:43',NULL,41,'2017-10-03 16:57:43',NULL,NULL,NULL,'1b07678a-3514-475c-a74f-eddb0d565cf5'),(1000178,0,NULL,NULL,NULL,3,5,0,41,'2017-10-03 17:00:31',NULL,41,'2017-10-03 17:00:31',NULL,NULL,NULL,'743da57b-52eb-48c5-b988-1a946fe6ef44'),(1000179,0,NULL,NULL,NULL,3,5,0,41,'2017-10-03 17:01:20',NULL,41,'2017-10-03 17:01:20',NULL,NULL,NULL,'4fbc28fa-a872-4f04-868a-6a9a840347e0'),(1000180,0,NULL,NULL,NULL,3,5,0,41,'2017-10-03 17:02:11',NULL,41,'2017-10-03 17:02:11',NULL,NULL,NULL,'7a8d5c47-0a37-4013-bd9e-d47cd7fab41c'),(1000181,0,NULL,NULL,NULL,3,5,0,41,'2017-10-03 17:04:19',NULL,41,'2017-10-03 17:04:19',NULL,NULL,NULL,'0733f344-ab00-4e59-9d87-fe1e4453965b'),(1000182,0,NULL,NULL,NULL,3,5,0,41,'2017-10-03 17:06:20',NULL,41,'2017-10-03 17:06:20',NULL,NULL,NULL,'f45a0fed-011d-4660-abb5-756582985771'),(1000183,0,NULL,NULL,NULL,3,5,0,41,'2017-10-03 17:07:41',NULL,41,'2017-10-03 17:07:41',NULL,NULL,NULL,'408ff723-af98-49a3-b6c5-206383e701f8'),(1000184,0,NULL,NULL,NULL,3,5,0,41,'2017-10-03 17:08:50',NULL,41,'2017-10-03 17:08:50',NULL,NULL,NULL,'4b4017d8-95f9-481c-a86a-c58b9a290c69'),(1000185,0,NULL,NULL,NULL,3,5,0,41,'2017-10-03 17:09:45',NULL,41,'2017-10-03 17:09:45',NULL,NULL,NULL,'5afd7c14-d64e-4bed-902e-cf7a8cb7f4cc'),(1000186,0,NULL,NULL,NULL,3,5,0,41,'2017-10-03 17:10:58',NULL,41,'2017-10-03 17:10:58',NULL,NULL,NULL,'12c9f69f-c1e4-4c6f-86fc-1532161cf641'),(1000187,0,NULL,NULL,NULL,3,5,0,41,'2017-10-03 17:11:58',NULL,41,'2017-10-03 17:11:58',NULL,NULL,NULL,'1313724b-88e1-48da-af8d-a6cf0d8fed3f'),(1000188,0,NULL,NULL,NULL,3,5,0,41,'2017-10-03 17:13:07',NULL,41,'2017-10-03 17:13:07',NULL,NULL,NULL,'68bf81ea-ac0a-4bfa-be20-5706c978f638'),(1000189,0,NULL,NULL,NULL,3,5,0,41,'2017-10-03 17:14:17',NULL,41,'2017-10-03 17:14:17',NULL,NULL,NULL,'ba35e9e1-3ad8-4360-aefd-d96870b87384'),(1000190,0,NULL,NULL,NULL,3,5,0,41,'2017-10-03 17:16:33',NULL,41,'2017-10-03 17:16:33',NULL,NULL,NULL,'e3f42597-820a-4460-9012-0f0a5a044511'),(1000191,0,NULL,NULL,NULL,3,5,0,41,'2017-10-03 17:22:54',NULL,41,'2017-10-03 17:22:54',NULL,NULL,NULL,'740727a4-912a-4641-a7c8-bc794236b4bb'),(1000192,0,NULL,NULL,NULL,3,5,0,41,'2017-10-03 17:26:31',NULL,41,'2017-10-03 17:26:31',NULL,NULL,NULL,'b6cdcbfa-a3c6-44e2-9dff-1d35e6c25200'),(1000193,0,NULL,NULL,NULL,3,5,0,41,'2017-10-03 17:27:46',NULL,41,'2017-10-03 17:27:46',NULL,NULL,NULL,'f38303a6-6b6a-4fee-8658-1eb94fdcd46a'),(1000194,0,NULL,NULL,NULL,3,5,0,41,'2017-10-03 17:28:46',NULL,41,'2017-10-03 17:28:46',NULL,NULL,NULL,'b52378e8-5a01-402b-b0e1-fad48d6875f0'),(1000195,0,NULL,NULL,NULL,3,5,0,41,'2017-10-03 17:31:27',NULL,41,'2017-10-03 17:31:27',NULL,NULL,NULL,'231e09c5-05d4-464d-a282-8a6040517641'),(1000196,0,NULL,NULL,NULL,3,5,0,41,'2017-10-03 17:32:44',NULL,41,'2017-10-03 17:32:44',NULL,NULL,NULL,'cb404626-918c-4706-8a43-0e1a3761babc'),(1000197,0,NULL,NULL,NULL,3,5,0,41,'2017-10-03 17:33:33',NULL,41,'2017-10-03 17:33:33',NULL,NULL,NULL,'7cd66774-ba15-41e6-b858-51434fd76f87'),(1000198,0,NULL,NULL,NULL,3,5,0,41,'2017-10-03 17:36:21',NULL,41,'2017-10-03 17:36:21',NULL,NULL,NULL,'be8878d5-47a7-4962-b74c-aef132af2804'),(1000199,0,NULL,NULL,NULL,3,5,0,41,'2017-10-03 17:37:17',NULL,41,'2017-10-03 17:37:17',NULL,NULL,NULL,'397e66bc-4b4c-4494-bf85-bdfea0555c0f'),(1000200,0,NULL,NULL,NULL,3,5,0,41,'2017-10-03 17:37:38',NULL,41,'2017-10-03 17:37:38',NULL,NULL,NULL,'a98bc9f1-cac4-4c39-bb8a-19dcd57a3f67'),(1000201,0,NULL,NULL,NULL,3,5,0,41,'2017-10-03 17:47:22',NULL,41,'2017-10-03 17:47:22',NULL,NULL,NULL,'5775fd2e-cf61-4a5b-bd44-447a3680e9db'),(1000202,0,NULL,NULL,NULL,3,5,0,41,'2017-10-03 17:49:04',NULL,41,'2017-10-03 17:49:04',NULL,NULL,NULL,'6a7f130a-3122-450b-848e-9e95bd96cc63'),(1000203,0,NULL,NULL,NULL,4,5,0,41,'2017-10-03 18:55:16',NULL,41,'2017-10-03 18:55:16',NULL,NULL,NULL,'471f8b8b-a366-4ff5-9e93-9e5aeeab5422'),(1000204,0,NULL,NULL,NULL,4,5,0,41,'2017-10-03 18:56:56',NULL,41,'2017-10-03 18:56:56',NULL,NULL,NULL,'33672092-53d4-443f-bbe6-8b147a36b969'),(1000205,0,NULL,NULL,NULL,4,5,0,41,'2019-07-16 18:27:18',NULL,41,'2019-07-16 18:27:18',NULL,NULL,NULL,'4faca4e0-ced9-408b-b16c-57679fe2d7e4'),(1000206,0,NULL,NULL,NULL,2,5,0,1,'2021-02-13 12:10:04','1.0',1,'2021-02-13 12:19:18',NULL,NULL,NULL,'e70d5ca1-5c79-4e4d-857f-43c21f99be4d'),(1000207,0,NULL,NULL,NULL,4,5,0,1,'2021-02-13 12:14:03','1.0',1,'2021-02-13 12:14:03',NULL,NULL,NULL,'991a3b45-0ea3-4c11-bab9-74f719120adb'),(1000208,0,NULL,NULL,NULL,4,5,0,1,'2021-02-13 12:15:18','1.0',1,'2021-02-13 12:15:18',NULL,NULL,NULL,'86fa3b25-3b1a-4e3b-8b52-411bef5ee973'),(1000209,0,NULL,NULL,NULL,4,5,0,1,'2021-02-13 12:16:18','1.0',1,'2021-02-13 12:16:18',NULL,NULL,NULL,'5aff2b42-1990-4366-8d2d-d93d94098db0'),(1000210,0,NULL,NULL,NULL,4,5,0,1,'2021-02-13 12:16:55','1.0',1,'2021-02-13 12:16:55',NULL,NULL,NULL,'e46c4aca-e75e-43ce-b1b5-43e625ea0532'),(1000211,0,NULL,NULL,NULL,2,7,0,1,'2021-02-13 12:22:49','1.0',1,'2021-02-13 12:40:02',NULL,NULL,NULL,'1ede3d60-aeea-496c-8d66-70ea761e8867'),(1000212,0,NULL,NULL,NULL,4,5,0,1,'2021-02-13 12:26:56','1.0',1,'2021-02-13 12:26:56',NULL,NULL,NULL,'87047f7c-5590-4be8-80aa-283092f172c8'),(1000213,0,NULL,NULL,NULL,4,5,0,1,'2021-02-13 12:28:13','1.0',1,'2021-02-13 12:28:13',NULL,NULL,NULL,'7008dea5-64a2-467e-ba09-613e05e4fc87'),(1000214,0,NULL,NULL,NULL,4,5,0,1,'2021-02-13 12:30:39','1.0',1,'2021-02-13 12:30:39',NULL,NULL,NULL,'2b6bb17f-ee9c-4abb-94b0-d974c1b0679a'),(1000215,0,NULL,NULL,NULL,4,5,0,1,'2021-02-13 12:37:58','1.0',1,'2021-02-13 12:37:58',NULL,NULL,NULL,'2e27dbde-f691-4bde-a400-31bec7753660'),(1000216,0,NULL,NULL,NULL,4,5,0,1,'2021-02-13 12:39:05','1.0',1,'2021-02-13 12:39:05',NULL,NULL,NULL,'bde388f8-8f13-4001-b7b0-180105fa57ec'),(1000217,0,NULL,NULL,NULL,4,5,0,1,'2021-02-13 13:01:59','1.0',1,'2021-02-13 13:01:59',NULL,NULL,NULL,'22177c11-a842-4504-a14e-9e988d261885'),(1000218,0,NULL,NULL,NULL,4,5,0,1,'2021-02-13 13:02:50','1.0',1,'2021-02-13 13:02:50',NULL,NULL,NULL,'8f2a6040-1293-4d7b-905c-d61195761f97'),(1000219,0,NULL,NULL,NULL,2,7,0,1,'2021-02-13 13:06:21',NULL,1,'2021-02-13 13:07:23',NULL,NULL,NULL,'f2c0f6d0-b54e-41a6-a4f7-fab4f79ef6f0'),(1000220,0,NULL,NULL,NULL,4,5,0,1,'2021-02-13 13:06:50','1.0',1,'2021-02-13 13:06:50',NULL,NULL,NULL,'7c5822f9-9d28-4833-996e-b779944eaadb'),(1000221,0,NULL,NULL,NULL,2,7,0,1,'2021-02-13 13:18:49','1.0',1,'2021-02-13 13:29:06',NULL,NULL,NULL,'6f429958-0bb6-42ca-ac16-11e4baac1fd7'),(1000222,0,NULL,NULL,NULL,4,5,0,1,'2021-02-13 13:20:18',NULL,1,'2021-02-13 13:20:18',NULL,NULL,NULL,'8309e109-b63c-44e1-b1db-b5b47af4b780'),(1000223,0,NULL,NULL,NULL,4,5,0,1,'2021-02-13 13:21:45','1.0',1,'2021-02-13 13:21:45',NULL,NULL,NULL,'e8023669-9571-40d2-b096-7cdb23eac37f'),(1000224,0,NULL,NULL,NULL,4,5,0,1,'2021-02-13 13:26:40','1.0',1,'2021-02-13 13:26:40',NULL,NULL,NULL,'5f0d3bc1-0eaf-43a3-8757-1010e50017ba'),(1000225,0,NULL,NULL,NULL,4,5,0,1,'2021-02-13 13:27:14','1.0',1,'2021-02-13 13:27:14',NULL,NULL,NULL,'74525ed7-f090-41e5-9a19-7d4edcd2f7b6'),(1000226,0,NULL,NULL,NULL,2,7,0,1,'2021-02-13 13:32:59','1.0',1,'2021-02-13 13:43:32',NULL,NULL,NULL,'42ee54ed-0259-42a0-ab79-576bd17461d4'),(1000227,0,NULL,NULL,NULL,4,5,0,1,'2021-02-13 13:38:36','1.0',1,'2021-02-13 13:38:36',NULL,NULL,NULL,'51f69dd3-3f84-4647-91fb-653935d5fe6c'),(1000228,0,NULL,NULL,NULL,4,5,0,1,'2021-02-13 13:39:00',NULL,1,'2021-02-13 13:39:00',NULL,NULL,NULL,'525f48ad-15d7-43d0-b541-e3c020844922'),(1000229,0,NULL,NULL,NULL,4,5,0,1,'2021-02-13 13:42:44','1.0',1,'2021-02-13 13:42:44',NULL,NULL,NULL,'377c35a3-657e-4197-a728-e59a9bb60d6b'),(1000230,0,NULL,NULL,NULL,2,7,0,1,'2021-02-13 13:44:02','1.0',1,'2021-02-13 13:45:19',NULL,NULL,NULL,'0caac1b8-d78e-4cdb-9eff-616918e218e4'),(1000231,0,NULL,NULL,NULL,4,5,0,1,'2021-02-13 13:44:22',NULL,1,'2021-02-13 13:44:22',NULL,NULL,NULL,'cb439767-0365-4537-b77f-d3b680084ab0'),(1000232,0,NULL,NULL,NULL,4,5,0,1,'2021-02-13 13:44:41','1.0',1,'2021-02-13 13:44:41',NULL,NULL,NULL,'9cb59583-1c8a-4bd9-92a7-162a18b66149'),(1000233,0,NULL,NULL,NULL,2,7,0,1,'2021-02-13 13:52:10','1.0',1,'2021-02-13 13:55:22',NULL,NULL,NULL,'8ab05bcf-c947-40a8-9663-ae41cbf86c54'),(1000234,0,NULL,NULL,NULL,4,5,0,1,'2021-02-13 13:53:49','1.0',1,'2021-02-13 13:53:49',NULL,NULL,NULL,'b76d0390-69c8-409b-9089-c5b702e627c1'),(1000235,0,NULL,NULL,NULL,4,1,0,1,'2021-02-13 13:54:33','1.0',1,'2021-02-13 13:54:33',NULL,NULL,NULL,'9d9e0368-1b8d-4938-9fc1-266ea9e95bd4'),(1000236,0,NULL,NULL,NULL,1,7,0,1,'2021-02-13 13:56:19','1.0',1,'2021-02-13 13:56:19',NULL,NULL,NULL,'e1bbf585-3a62-491e-8a0c-6f463f43b48e'),(1000237,0,NULL,NULL,NULL,2,7,0,1,'2021-02-13 14:07:33','1.0',1,'2021-02-13 14:15:28',NULL,NULL,NULL,'18c70766-d1d7-4055-8b5f-413bd35c2b81'),(1000238,0,NULL,NULL,NULL,4,5,0,1,'2021-02-13 14:10:39','1.0',1,'2021-02-13 14:10:39',NULL,NULL,NULL,'3272257e-b9f8-4dad-b617-494137ec4418'),(1000239,0,NULL,NULL,NULL,4,5,0,1,'2021-02-13 14:11:32','1.0',1,'2021-02-13 14:11:32',NULL,NULL,NULL,'b1676ae5-ef7b-43b4-93f1-8b4d3e59bfeb'),(1000240,0,NULL,NULL,NULL,4,5,0,1,'2021-02-13 14:12:26','1.0',1,'2021-02-13 14:12:26',NULL,NULL,NULL,'d3800fe6-6d86-49b2-a7cc-a1998b18931b'),(1000241,0,NULL,NULL,NULL,3,5,0,1,'2021-02-13 14:13:13','1.0',1,'2021-02-13 14:13:13',NULL,NULL,NULL,'f4c9b3a2-768b-484e-90a2-c05fd731f9e2'),(1000242,0,NULL,NULL,NULL,1,5,0,1,'2021-02-13 14:22:22','1.0',1,'2021-02-13 14:22:22',NULL,NULL,NULL,'157ed47f-73cc-4b19-96fb-bf24ab13c334'),(1000243,0,NULL,NULL,NULL,2,7,0,1,'2021-02-13 14:23:46','1.0',1,'2021-02-13 14:23:46',NULL,NULL,NULL,'d1a7ab84-171b-43a9-9720-29402ff16fb9'),(1000244,0,NULL,NULL,NULL,2,7,0,1,'2021-02-13 14:33:29','1.0',1,'2021-02-13 14:36:09',NULL,NULL,NULL,'ea520a73-b075-45f5-bad3-bd06a57ef8fb'),(1000245,0,NULL,NULL,NULL,4,5,0,1,'2021-02-13 14:34:58','1.0',1,'2021-02-13 14:34:58',NULL,NULL,NULL,'86b3a66b-5647-4a3c-96ce-64b1be9e0236'),(1000246,0,NULL,NULL,NULL,2,7,0,1,'2021-02-13 14:38:27','1.0',1,'2021-02-13 14:38:27',NULL,NULL,NULL,'d87664fd-1b7b-4137-80b7-1b0646a1b95c'),(1000247,0,NULL,NULL,NULL,2,7,0,1,'2021-02-13 14:43:56','1.0',1,'2021-02-13 14:43:56',NULL,NULL,NULL,'da479c43-c8d6-40cb-a695-7d8027446e2a'),(1000248,0,NULL,NULL,NULL,2,7,0,1,'2021-02-13 14:45:33','1.0',1,'2021-02-13 14:45:33',NULL,NULL,NULL,'06eec0ef-d15c-4bf1-b20b-13cb30f212ed'),(1000249,0,NULL,NULL,NULL,2,7,0,1,'2021-02-14 10:35:38','1.0',1,'2021-02-14 10:38:18',NULL,NULL,NULL,'108b8084-32d0-43f8-a310-b27c276d0c49'),(1000250,0,NULL,NULL,NULL,4,5,0,1,'2021-02-14 10:36:13','1.0',1,'2021-02-14 10:36:13',NULL,NULL,NULL,'1e9078da-34c1-48a3-951c-3939c9e4428d'),(1000251,0,NULL,NULL,NULL,3,5,0,1,'2021-02-14 10:36:59','1.0',1,'2021-02-14 10:36:59',NULL,NULL,NULL,'34534a03-f7c3-46e5-adee-3bdf648e0bd9'),(1000252,0,NULL,NULL,NULL,2,7,0,1,'2021-02-14 10:41:56','1.0',1,'2021-02-14 10:43:08',NULL,NULL,NULL,'ebc6c994-5f24-41ee-8008-9225c63288a2'),(1000253,0,NULL,NULL,NULL,4,5,0,1,'2021-02-14 10:42:23','1.0',1,'2021-02-14 10:42:23',NULL,NULL,NULL,'b74006ce-4e8c-4731-bd25-ef4ffc985864'),(1000254,0,NULL,NULL,NULL,2,7,0,1,'2021-02-14 10:50:28','1.0',1,'2021-02-14 10:50:28',NULL,NULL,NULL,'9a2d4162-aec8-46d8-887e-a686914dde3f'),(1000255,0,NULL,NULL,NULL,2,7,0,1,'2021-02-14 11:39:30','1.0',1,'2021-02-14 11:48:20',NULL,NULL,NULL,'4c86b9db-b52f-4be4-a6ba-d53ccc6a8c41'),(1000256,0,NULL,NULL,NULL,4,5,0,1,'2021-02-14 11:39:53','1.0',1,'2021-02-14 11:39:53',NULL,NULL,NULL,'65dcc207-864a-4e0e-aa17-f599a1f7b055'),(1000257,0,NULL,NULL,NULL,4,5,0,1,'2021-02-14 11:40:15','1.0',1,'2021-02-14 11:40:15',NULL,NULL,NULL,'db8e7bee-f33a-4383-92b7-c695626a0c37'),(1000258,0,NULL,NULL,NULL,4,5,0,1,'2021-02-14 11:41:18','1.0',1,'2021-02-14 11:41:18',NULL,NULL,NULL,'d5d39e1e-6244-4fc3-ba96-0582d8fe2a6b'),(1000259,0,NULL,NULL,NULL,3,5,0,1,'2021-02-14 11:42:02','1.0',1,'2021-02-14 11:42:02',NULL,NULL,NULL,'54b5b1f4-aa75-4b40-b518-2780218f6138');
/*!40000 ALTER TABLE `concept` ENABLE KEYS */;
UNLOCK TABLES;

--
-- Dumping data for table `concept_answer`
--

LOCK TABLES `concept_answer` WRITE;
/*!40000 ALTER TABLE `concept_answer` DISABLE KEYS */;
INSERT INTO `concept_answer` VALUES (1005609,1000000,90004,NULL,1,'2016-10-11 08:57:21',2,'6294c5a0-33a6-4e3d-bd4c-7f6abcedd08b'),(1005610,1000000,90003,NULL,1,'2016-10-11 08:57:21',1,'f8c83f0a-45b7-4bfb-96dc-959b480f7be5'),(1005611,1000001,90003,NULL,1,'2016-10-11 08:59:06',1,'3f212049-88f2-4553-9bc4-4745213e54c4'),(1005612,1000001,90004,NULL,1,'2016-10-11 08:59:06',2,'ed6e4c1f-d52a-40eb-a7f1-0ee2f34b1e14'),(1005613,1000002,90004,NULL,1,'2016-10-11 09:00:02',2,'985024e2-3c23-4a5f-9a07-9e38b937910d'),(1005614,1000002,90003,NULL,1,'2016-10-11 09:00:02',1,'12e0ab22-82c5-41a6-95b5-3803e09caa11'),(1005615,1000003,90003,NULL,1,'2016-10-11 09:02:19',1,'522582da-9db1-4a86-b408-70ab8499ac3a'),(1005616,1000003,90004,NULL,1,'2016-10-11 09:02:19',2,'c513c170-7881-4a9d-bb75-b95fbd97ac8f'),(1005617,1000004,90003,NULL,1,'2016-10-11 09:03:31',1,'94cc6e3f-1920-4d28-834c-8cb2c22763ac'),(1005618,1000004,90004,NULL,1,'2016-10-11 09:03:31',2,'8013b506-cc12-4168-82fd-31ce9bd97e05'),(1005619,1000005,90004,NULL,1,'2016-10-11 09:04:38',2,'97664fd4-c713-438a-9f23-b1b630e4234d'),(1005620,1000005,90003,NULL,1,'2016-10-11 09:04:38',1,'b53fa6de-0cf9-4b9a-b441-fc9c996a1138'),(1005621,1000006,90003,NULL,1,'2016-10-11 09:05:24',1,'95b67c8d-8efc-4563-9fc8-a96659544478'),(1005622,1000006,90004,NULL,1,'2016-10-11 09:05:24',2,'595d1db0-1efd-4551-aba7-de62fbf5370c'),(1005623,1000007,90003,NULL,1,'2016-10-11 09:06:16',1,'bfdce523-0d37-4473-a517-b266d5e264d7'),(1005624,1000007,90004,NULL,1,'2016-10-11 09:06:16',2,'c0be223e-c5ea-4add-bcac-ba97576f40b6'),(1005625,1000008,90004,NULL,1,'2016-10-11 09:07:15',2,'055aa560-8c3b-4342-98ae-039f93608ae0'),(1005626,1000008,90003,NULL,1,'2016-10-11 09:07:15',1,'c7878043-5562-4005-8372-7835113217b1'),(1005627,1000009,1000003,NULL,1,'2016-10-11 09:10:59',4,'d8e74ba1-dbb7-4bb5-9c7d-3a0849c8f737'),(1005628,1000009,1000001,NULL,1,'2016-10-11 09:10:59',2,'bb394fe1-c4d7-400d-b2e8-89e49054bb7a'),(1005629,1000009,1000005,NULL,1,'2016-10-11 09:10:59',6,'99af0e64-db9b-43e7-b429-c7d0c4011264'),(1005630,1000009,1000000,NULL,1,'2016-10-11 09:10:59',1,'00a761ef-8694-45c3-919f-455fe5b67bdb'),(1005631,1000009,1000008,NULL,1,'2016-10-11 09:10:59',9,'680eced5-edc7-452c-a8d6-eb6953b3c0fc'),(1005632,1000009,1000002,NULL,1,'2016-10-11 09:10:59',3,'aaf8f3bb-1ac7-4246-ade2-ae4f58e30ec8'),(1005633,1000009,1000004,NULL,1,'2016-10-11 09:10:59',5,'fa5da347-2337-44cd-87dc-d2707ef442ca'),(1005634,1000009,1000006,NULL,1,'2016-10-11 09:10:59',7,'40dd5c4d-d361-43ba-9a64-b90ce14d633a'),(1005635,1000009,1000007,NULL,1,'2016-10-11 09:10:59',8,'aafb91a1-2d85-40a2-a122-349378054cd4'),(1005636,1000010,90166,NULL,41,'2016-10-11 10:13:29',1,'16ef9af3-e22c-4424-bbca-2d64ed192e17'),(1005637,1000010,90167,NULL,41,'2016-10-11 10:13:29',2,'6a7b82b7-4fcf-451a-9842-78b809a696e1'),(1005638,1000011,90004,NULL,41,'2016-10-11 10:20:00',2,'ec2ad000-9909-4eca-bdbd-1d68f6ccdd11'),(1005639,1000011,90003,NULL,41,'2016-10-11 10:20:00',1,'9a62d409-23d5-4828-adad-b50aeded4736'),(1005641,1000012,90003,NULL,41,'2016-10-11 10:33:00',1,'b5d038f9-0c56-4c5b-b4af-42d9bb7d7536'),(1005642,1000012,90004,NULL,41,'2016-10-11 10:33:00',2,'c8c90f8d-7702-4e55-a53d-908fc6260821'),(1005644,1000013,90004,NULL,41,'2016-10-11 10:35:42',2,'4d4e7a10-34a2-49cb-a5d5-a5536d44b429'),(1005645,1000013,90003,NULL,41,'2016-10-11 10:35:42',1,'3f761f85-3ee4-4425-a3f6-0b3b02bf1f3e'),(1005647,1000014,90003,NULL,41,'2016-10-11 10:46:01',1,'10fd3504-2a3c-40af-b8b3-855ff8d348b7'),(1005648,1000014,90004,NULL,41,'2016-10-11 10:46:01',2,'81b2740e-64d1-4492-86f8-1bc8eabb7e18'),(1005650,1000015,90003,NULL,41,'2016-10-11 10:52:36',1,'df5cb123-3a5c-42d8-9a74-8733a27b24ae'),(1005651,1000015,90004,NULL,41,'2016-10-11 10:52:36',2,'fa7a0e48-49ae-4798-a47f-2e987611c931'),(1005653,1000016,90003,NULL,41,'2016-10-11 11:02:24',1,'6996ce64-440c-415e-9ed6-2c8308cfaf14'),(1005654,1000016,90004,NULL,41,'2016-10-11 11:02:24',2,'c3b1a6d8-b6d0-4d4a-9c1f-f19abd516713'),(1005655,1000017,90004,NULL,41,'2016-10-11 11:05:01',2,'db9d7366-96e8-43ac-a64d-bc49df291b50'),(1005656,1000017,90003,NULL,41,'2016-10-11 11:05:01',1,'957b5755-72f9-4803-bd24-3c3c9fca5e09'),(1005657,1000018,90004,NULL,41,'2016-10-11 11:06:30',2,'065d912b-fc04-451f-afe2-f1569b274dff'),(1005658,1000018,90003,NULL,41,'2016-10-11 11:06:30',1,'a1c39603-3421-4dff-a323-b8c128989075'),(1005659,1000019,90004,NULL,41,'2016-10-11 11:08:49',2,'24903ce1-1e6d-4696-b430-f1b956335c12'),(1005660,1000019,90003,NULL,41,'2016-10-11 11:08:49',1,'1d03ae78-3186-48aa-ba3d-541be6ca6a6d'),(1005661,1000020,90004,NULL,41,'2016-10-11 11:14:13',2,'67a5cec9-fe66-4e4b-a3d0-424eae03d3cb'),(1005662,1000020,90003,NULL,41,'2016-10-11 11:14:13',1,'7de4aca3-2c45-49a2-8630-3f5f3064cb8b'),(1005668,1000021,90003,NULL,41,'2016-10-13 16:56:41',1,'78f0b8df-3d32-486a-a980-36a226d0e4c7'),(1005669,1000021,90004,NULL,41,'2016-10-13 16:56:41',2,'0ca36e83-2776-46e5-a61f-78e49b38c61a'),(1005670,1000009,1000021,NULL,41,'2016-10-13 16:57:39',10,'8e312975-1104-44c7-8479-085ad89b1d8c'),(1005671,1000022,90003,NULL,41,'2016-10-13 17:00:21',1,'a3ec5a76-17bd-49bf-b4df-9d7a86b205d5'),(1005672,1000022,90004,NULL,41,'2016-10-13 17:00:21',2,'3d2216cb-4e38-470d-98aa-e077e7226731'),(1005673,1000009,1000022,NULL,41,'2016-10-13 17:01:46',11,'bfff36dd-7f4c-4b6a-87db-2c6ed0550963'),(1005674,1000023,90004,NULL,76,'2016-11-10 13:09:28',2,'9229a821-b449-4973-967b-3de2358c0a97'),(1005675,1000023,90003,NULL,76,'2016-11-10 13:09:28',1,'ca7586ce-a293-43f7-9c45-9c937df8e6d5'),(1005676,1000009,1000023,NULL,76,'2016-11-10 13:14:08',12,'a34d1b87-8d73-4409-86a4-77d6ae8d6e2b'),(1005678,1000025,978,NULL,1,'2017-03-14 17:41:01',NULL,'833a9b22-7368-4738-aec9-c464583525d8'),(1005683,1000042,1000008,NULL,1,'2017-03-14 18:03:22',1,'48732671-793d-41de-a1f8-4c0bda10c718'),(1005684,1000042,1000043,NULL,1,'2017-03-14 18:03:22',2,'9e37a228-38ff-4608-9d0e-20d516776394'),(1005685,1000054,1000046,NULL,1,'2017-03-14 18:27:56',5,'5f405331-2439-4b8d-a480-56ba88dab4b7'),(1005686,1000054,1000000,NULL,1,'2017-03-14 18:27:56',1,'659cad93-49b7-4bf6-b23e-0b9c1f4d041f'),(1005687,1000054,5622,NULL,1,'2017-03-14 18:27:56',13,'e73e6e4b-7f73-4a42-a9d9-f2ba6a21d233'),(1005688,1000054,1000053,NULL,1,'2017-03-14 18:27:56',2,'c6fcf772-36f7-40ea-83f1-fc4a76b74c03'),(1005689,1000054,1000002,NULL,1,'2017-03-14 18:27:56',8,'4a51bb1c-f381-48af-b4da-a01f977d0573'),(1005690,1000054,1000052,NULL,1,'2017-03-14 18:27:56',12,'ec604699-8269-4e7d-8cee-4ea6e2dabf66'),(1005691,1000054,1000045,NULL,1,'2017-03-14 18:27:56',4,'f402e8ea-e6ff-4ca9-a919-ca85ad60b762'),(1005692,1000054,1000003,NULL,1,'2017-03-14 18:27:56',10,'d5ce584f-bf08-4396-8bef-2a93dc6c81c8'),(1005693,1000054,1000044,NULL,1,'2017-03-14 18:27:56',3,'0a75b163-d3a2-4bdf-95a2-7bc72dbf6a98'),(1005694,1000054,1000001,NULL,1,'2017-03-14 18:27:56',7,'81964462-2c14-4b77-a4d0-83750efbf20a'),(1005695,1000054,1000051,NULL,1,'2017-03-14 18:27:56',11,'6b1324d0-6fe8-492d-a2d5-b4ba0e9bb004'),(1005696,1000054,1000004,NULL,1,'2017-03-14 18:27:56',9,'562e59e6-ef7a-49ff-aba7-8d9fc9255ddd'),(1005697,1000054,1000047,NULL,1,'2017-03-14 18:27:56',6,'8f0b47c0-dbdb-4122-9ab7-9f47224c3c8c'),(1005698,1000058,90084,NULL,1,'2017-04-03 14:52:45',2,'210d8a42-b670-4827-af59-83e3f0566785'),(1005699,1000058,190,NULL,1,'2017-04-03 14:52:45',1,'1e53d318-1301-4c45-8908-81274654fa1e'),(1005700,1000034,1000035,NULL,1,'2017-04-04 10:48:31',1,'b87b180d-680e-4a8b-b887-56081467d9a2'),(1005701,1000034,1000036,NULL,1,'2017-04-04 10:48:31',2,'4bdfbf8d-c000-40b7-b564-8f8305ed1ecd'),(1005702,1000034,1000037,NULL,1,'2017-04-04 10:48:31',3,'e541bf30-d15c-43b4-9ce8-e5cf8f3bb258'),(1005703,1000054,1000048,NULL,1,'2017-04-04 11:33:09',14,'c3946263-c333-4712-8137-2309cf5815f3'),(1005704,1000054,1000049,NULL,1,'2017-04-04 11:33:09',15,'15ba45f4-75fc-4a14-9650-319e614d936b'),(1005705,1000054,1000050,NULL,1,'2017-04-04 11:33:09',16,'64000012-57cf-4039-a67c-338cd3ca534e'),(1005706,1000054,1000107,NULL,1,'2017-04-17 13:02:00',17,'38d70b6d-f67d-48ad-9db7-53076bf1c23a'),(1005707,1000054,1000106,NULL,1,'2017-04-17 13:02:00',18,'5233842f-8d66-4f5b-8a28-a04a9de463e9'),(1005708,1000108,1000109,NULL,1,'2017-04-17 13:41:05',1,'00185406-e86b-4f83-a033-490e0cf571af'),(1005709,1000108,1000110,NULL,1,'2017-04-17 13:41:05',2,'f1bd8f8f-19c5-475f-ae59-f5387e05c96f'),(1005710,1000108,1000111,NULL,1,'2017-04-17 13:41:05',3,'392b9efe-90bc-4e00-9768-063a931e6a22'),(1005711,1000108,1000112,NULL,1,'2017-04-17 13:41:05',4,'f53be3d4-956e-4760-a326-9ac214df3b08'),(1005712,1000108,1000113,NULL,1,'2017-04-17 13:41:05',5,'fa81f03d-acd9-4881-8ac1-d0eaa80c4592'),(1005713,1000108,1000114,NULL,1,'2017-04-17 13:41:05',6,'ea4df1bf-9707-44a5-bcf5-e930847e805c'),(1005714,1000108,1000115,NULL,1,'2017-04-17 13:41:05',7,'4683fb49-11b4-4153-a45a-a4615ba87d03'),(1005715,1000115,1000116,NULL,1,'2017-04-17 15:55:21',1,'244cc30e-8c2a-4b6f-9111-deb5e09d0812'),(1005716,1000115,116128,NULL,1,'2017-04-17 15:55:21',2,'4dfbec9f-3bc7-442e-92c7-5167972f09c3'),(1005717,1000115,117889,NULL,1,'2017-04-17 15:55:21',3,'2af45b94-fd4c-46f4-84c4-2e8ac150b9b5'),(1005718,1000115,1000124,NULL,1,'2017-04-17 15:55:21',4,'88d5f10d-b617-4c3b-8ec2-5acfa180f562'),(1005719,1000115,137293,NULL,1,'2017-04-17 15:55:21',5,'f661b931-2123-4fb0-962e-ee2e87a84c01'),(1005720,1000115,1000117,NULL,1,'2017-04-17 15:55:21',6,'6c1fc326-1d9b-4cc3-a90e-ca7dbdbc53f2'),(1005721,1000115,1000118,NULL,1,'2017-04-17 15:55:21',7,'e80f58ff-5836-4dd4-955d-551a2f19bd23'),(1005722,1000115,1000119,NULL,1,'2017-04-17 15:55:21',8,'a9d894e9-4b22-44e5-abb4-2129b765b79b'),(1005723,1000115,1000120,NULL,1,'2017-04-17 15:55:21',9,'7f5e408b-9f0d-471c-a57b-2c80a975ede0'),(1005724,1000115,1000121,NULL,1,'2017-04-17 15:55:21',10,'ebed3f1a-b0a2-41ff-8a9f-5008127fb2fe'),(1005725,1000115,1000122,NULL,1,'2017-04-17 15:55:21',11,'c9ed2f39-9666-4e87-9e11-1c0c29a63239'),(1005726,1000115,1000123,NULL,1,'2017-04-17 15:55:21',12,'d49e5f5d-e781-4931-b211-4e3a0e97d08b'),(1005727,1000115,5622,NULL,1,'2017-04-17 15:55:21',13,'223b4000-5000-4858-b943-ad1e1815db97'),(1005728,1000125,90004,NULL,1,'2017-04-17 16:05:56',2,'461e0118-10b2-415c-a575-0c2e2df6f516'),(1005729,1000125,90003,NULL,1,'2017-04-17 16:05:56',1,'13785529-d81d-4c2b-9f73-df6c5e502779'),(1005730,1000126,142412,NULL,1,'2017-04-17 16:21:15',4,'2397ab65-6448-4fd7-98f8-c798921cdbf6'),(1005731,1000126,996,NULL,1,'2017-04-17 16:21:15',2,'21fb0c2a-bea5-41e4-b9f2-b6975f97f6c2'),(1005732,1000126,147241,NULL,1,'2017-04-17 16:21:15',1,'36bcdd0a-ba99-40a3-a8af-326ab683ab16'),(1005733,1000126,1000127,NULL,1,'2017-04-17 16:23:35',3,'3edbdc8d-0ca8-4456-b3bb-ff628d0ff979'),(1005734,1000126,1000128,NULL,1,'2017-04-17 16:23:35',5,'7f3f13e3-b070-46c9-9d41-928903018b3e'),(1005735,1000126,1000129,NULL,1,'2017-04-17 16:23:35',6,'0be3542a-91c4-422f-ba9b-a2e6ac1bca63'),(1005736,1000126,1000130,NULL,1,'2017-04-17 16:23:35',7,'c52116a2-1e2c-41d1-ab5c-b4f555b39323'),(1005737,1000139,1000140,NULL,1,'2017-04-17 16:53:50',1,'0bf15e62-21c0-4ad3-9df2-d9284a03ae6d'),(1005738,1000139,1000141,NULL,1,'2017-04-17 16:53:50',2,'52f2ab42-444e-48bc-8c1b-98f72b363552'),(1005739,1000139,1000142,NULL,1,'2017-04-17 16:53:50',3,'8b1fbd35-46b1-4604-9d3d-2b5d7868129c'),(1005740,1000131,138849,NULL,1,'2017-04-17 16:55:27',1,'d287846f-4efd-492f-808b-7baa66e973a8'),(1005741,1000131,1000133,NULL,1,'2017-04-17 16:55:27',2,'bd0dff3b-1d79-41bc-8adc-e5b82a2a58c4'),(1005742,1000131,1000134,NULL,1,'2017-04-17 16:55:27',3,'915dae20-86e3-4277-89a3-d27dc43169e6'),(1005743,1000131,1000135,NULL,1,'2017-04-17 16:55:27',4,'11bf0209-0190-423b-b675-94b378c370c7'),(1005744,1000131,1000136,NULL,1,'2017-04-17 16:55:27',5,'d5f6bb81-4dce-4bfb-9247-db746e979c3b'),(1005745,1000131,1000137,NULL,1,'2017-04-17 16:55:27',6,'c52912f9-1afc-4e3e-ac38-da235d1068a5'),(1005746,1000131,1000139,NULL,1,'2017-04-17 16:55:27',7,'890f7fd1-9a05-45dd-89b3-419d3480abd4'),(1005747,1000131,1000138,NULL,1,'2017-04-17 16:55:27',8,'692f0d9c-6003-4896-b172-0a5a3a2a6995'),(1005748,1000143,1107,NULL,1,'2017-04-17 17:04:22',1,'dfd28f83-9885-4789-ab8f-4d11705eab82'),(1005749,1000143,1000144,NULL,1,'2017-04-17 17:07:00',2,'38ff98d2-c8f3-4752-9648-7b8b88b4432c'),(1005750,1000143,1000145,NULL,1,'2017-04-17 17:07:00',3,'d92c10d1-ad80-41ff-aa3a-ef3c7f7359a6'),(1005751,1000143,1000146,NULL,1,'2017-04-17 17:07:00',4,'d29f23a7-2da5-49e6-ae4c-21cee2e18a92'),(1005752,1000143,1000147,NULL,1,'2017-04-17 17:07:00',5,'cc29a617-90a1-4877-8172-c639a831ce7a'),(1005753,1000148,1000149,NULL,1,'2017-04-17 17:15:20',1,'ea52a2fa-1703-4daa-890c-f645c098845b'),(1005754,1000148,1000144,NULL,1,'2017-04-17 17:15:20',2,'23263af6-3312-41b0-8db3-ebc75de4b9ca'),(1005755,1000148,1000145,NULL,1,'2017-04-17 17:15:20',3,'fc8830b8-66d1-4872-a349-713fb91f5b75'),(1005756,1000148,1000150,NULL,1,'2017-04-17 17:15:20',4,'72498c4b-d133-4de8-9a39-e975078f4ea5'),(1005757,1000148,1000146,NULL,1,'2017-04-17 17:15:20',5,'ddd71768-aadb-4fe8-a566-b4d57fd43849'),(1005758,1000152,90003,NULL,1,'2017-04-17 17:50:52',1,'2dacebeb-6365-46cf-af2e-0a1192a2d90b'),(1005759,1000152,90004,NULL,1,'2017-04-17 17:50:52',2,'3efd5baa-4799-46fa-b2de-56dd59730fcc'),(1005760,1000159,90003,NULL,1,'2017-04-17 18:02:52',1,'4edce8c9-5614-4b1e-8c17-282fffc41bfc'),(1005761,1000159,90004,NULL,1,'2017-04-17 18:02:52',2,'4908519a-4f69-469f-8002-74a6e3c2769d'),(1005762,1000160,1000156,NULL,1,'2017-04-17 18:05:25',2,'ae183048-46d8-45c8-9798-b05b55bf2f59'),(1005763,1000160,1000153,NULL,1,'2017-04-17 18:05:25',1,'d5b9b2d7-aaf2-4b9d-9355-73c24be177b8'),(1005764,1000160,1000157,NULL,1,'2017-04-17 18:05:25',3,'a457ceb9-c1b1-4b27-81f3-d670e0f036ed'),(1005765,1000168,90003,NULL,1,'2017-04-20 15:19:40',1,'bba6389e-2f00-41b4-a6f5-e44eb61c3a1a'),(1005766,1000168,90004,NULL,1,'2017-04-20 15:19:40',2,'3ba40b72-3116-4449-8e3e-13033f19f120'),(1005767,1000171,664,NULL,1,'2017-04-20 15:43:31',1,'6b1ba53b-62a6-4916-9b47-f8f60c2f81c7'),(1005768,1000171,703,NULL,1,'2017-04-20 15:43:31',2,'c4f1199a-3c7e-4e38-a5ed-284dedb8e5c5'),(1005769,1000171,1000172,NULL,1,'2017-04-20 15:43:31',3,'4a6af8f0-7e7c-444b-98ab-7c0b64ddf97e'),(1005770,1000171,1000173,NULL,1,'2017-04-20 15:43:31',4,'ea226129-85ca-4fd2-bd1a-520d10e73779'),(1005771,1000171,149,NULL,1,'2017-04-20 15:43:31',5,'69eed098-8495-456d-81db-e86de2e9a05e'),(1005772,1000009,1000053,NULL,41,'2017-09-26 12:53:45',13,'9cd584e6-396d-406b-887b-ae3791807354'),(1005799,1000054,1000203,NULL,41,'2017-10-03 18:58:04',19,'e2dfb3cc-3152-46c1-83e9-a86dc1799dbb'),(1005800,1000054,1000204,NULL,41,'2017-10-03 18:58:04',20,'c8e1d8cc-018d-48b4-bbad-28e39cf8db11'),(1005802,1000009,1000203,NULL,41,'2019-08-15 10:43:55',15,'7493efc8-606a-42c5-b8eb-34a8394e1ea4'),(1005803,1000009,1000204,NULL,41,'2019-08-15 10:43:55',16,'ef79bba1-2990-47c2-83dd-f061ebab9ab2'),(1005804,1000206,1000207,NULL,1,'2021-02-13 12:19:18',1,'18fd6620-970a-4d7e-a760-1d9e3b8f388a'),(1005805,1000206,1000208,NULL,1,'2021-02-13 12:19:18',2,'6c619e78-6093-4c52-b545-22b50ca1cad6'),(1005806,1000206,1000209,NULL,1,'2021-02-13 12:19:18',3,'c39f43f4-8e6f-4bee-bec6-c73eb07bcbc4'),(1005807,1000206,1000210,NULL,1,'2021-02-13 12:19:18',4,'4f4c3f46-0ee0-4dac-b267-b6159a867dc8'),(1005808,1000211,1000212,NULL,1,'2021-02-13 12:37:33',1,'bdb406cb-38bb-441a-ad29-7f6d7e59cfb8'),(1005809,1000211,162895,NULL,1,'2021-02-13 12:37:33',2,'4dd52c50-85c9-4f0e-bca2-bccf555e584c'),(1005810,1000211,1000213,NULL,1,'2021-02-13 12:37:33',3,'cd673ff2-b696-4c37-b426-7d9e734f7ecc'),(1005811,1000211,1000214,NULL,1,'2021-02-13 12:37:33',4,'08ba6a23-b1d1-4aae-9353-f80592ffa9ad'),(1005812,1000211,1000216,NULL,1,'2021-02-13 12:40:01',5,'e37de693-6c85-4c37-a79d-72171b8f1d73'),(1005813,1000211,1000215,NULL,1,'2021-02-13 12:40:02',6,'05f39f82-8045-48d6-b4f2-dc77595f5b63'),(1005814,1000054,1000218,NULL,1,'2021-02-13 13:04:05',21,'ca7266ba-2710-48b8-9cec-827e56fb5ca7'),(1005815,1000054,1000217,NULL,1,'2021-02-13 13:04:05',22,'a2455315-0877-4958-a9a1-11c04a7dbd2a'),(1005816,1000219,5622,NULL,1,'2021-02-13 13:06:21',1,'c61ac9c3-c741-4070-970b-a8bcbef96d2e'),(1005817,1000219,1000006,NULL,1,'2021-02-13 13:06:21',3,'b175fe87-86d1-4685-b19d-d30a6f4d0b69'),(1005818,1000219,1000005,NULL,1,'2021-02-13 13:06:21',2,'412f387b-69eb-424d-a634-2634a9ddeb30'),(1005819,1000219,1000220,NULL,1,'2021-02-13 13:07:22',4,'d16f0024-885b-40ae-9f35-f45f7828f8c2'),(1005820,1000221,1000223,NULL,1,'2021-02-13 13:26:03',1,'118c32c6-3184-4b99-ad4a-975b0baf0ec4'),(1005821,1000221,1000043,NULL,1,'2021-02-13 13:26:03',2,'e327b7f9-2102-4fbf-8625-beb3a42e3fc3'),(1005822,1000221,1000222,NULL,1,'2021-02-13 13:26:03',3,'46e05b11-e4cd-4b27-8830-45c1576d7f47'),(1005823,1000221,1000224,NULL,1,'2021-02-13 13:29:06',4,'a8fbb57d-9266-48da-bb71-c866304238bc'),(1005824,1000221,1000225,NULL,1,'2021-02-13 13:29:06',5,'7bd66696-fc0e-4309-8cf5-8d735853d759'),(1005825,1000226,1000227,NULL,1,'2021-02-13 13:42:25',1,'5df7cbd9-d503-44b8-917b-8c016da9c195'),(1005826,1000226,1000228,NULL,1,'2021-02-13 13:42:25',2,'0295b184-dc34-458a-84b2-f119fdb17cb0'),(1005827,1000226,162920,NULL,1,'2021-02-13 13:42:25',3,'8360a6fe-bb5f-4cf5-aa94-acc111809d0a'),(1005828,1000226,1000229,NULL,1,'2021-02-13 13:43:30',4,'6d9693ed-f957-4965-bb90-6ecc403f2e7b'),(1005829,1000230,1000231,NULL,1,'2021-02-13 13:45:19',1,'63c42bdb-5a9a-4eee-a70c-f5e09a28a221'),(1005830,1000230,1000232,NULL,1,'2021-02-13 13:45:19',2,'22d016cf-783f-4424-9268-ca6a55c10edc'),(1005831,1000233,1000234,NULL,1,'2021-02-13 13:55:22',1,'fc9a1a90-1d4d-4b79-b846-bc936af0fd0d'),(1005832,1000233,1000235,NULL,1,'2021-02-13 13:55:22',2,'5d5eba19-9e6c-46cd-aa66-5286ef8823d3'),(1005833,1000237,978,NULL,1,'2021-02-13 14:07:33',1,'67cc634e-6a63-44a6-af93-e0bc3fa70f0d'),(1005834,1000237,1000238,NULL,1,'2021-02-13 14:14:49',2,'c559e9cd-4f08-48cd-b918-43809ab2d0e6'),(1005835,1000237,1000239,NULL,1,'2021-02-13 14:14:49',3,'1f0a3f56-6fae-4dce-ba24-1f8bb44c7483'),(1005836,1000237,1000240,NULL,1,'2021-02-13 14:14:49',4,'843b8910-6dec-4898-ad34-8f223fc3b29a'),(1005837,1000237,5622,NULL,1,'2021-02-13 14:14:51',5,'3e917f1f-b423-4ab9-99f5-69a44735c378'),(1005838,1000237,90280,NULL,1,'2021-02-13 14:15:27',6,'357a8c96-f0db-4f4e-be3b-fc3bdd43b14a'),(1005839,1000243,90164,NULL,1,'2021-02-13 14:23:46',1,'97bc8c12-f7b7-4bc6-b549-aae798d1f1db'),(1005840,1000243,90165,NULL,1,'2021-02-13 14:23:46',2,'dce22c0c-f60c-4bc9-9ddb-ecd9ca6615d7'),(1005841,1000244,1228,NULL,1,'2021-02-13 14:33:29',1,'0a85bc7d-b0fc-4d00-8a0c-61851c41c4c3'),(1005842,1000244,1229,NULL,1,'2021-02-13 14:33:29',2,'2c766148-4f14-4141-9b86-b5becc1b0ace'),(1005843,1000244,1000245,NULL,1,'2021-02-13 14:36:09',3,'a20a43c2-439b-402f-be0a-b00a10b4a1c1'),(1005844,1000246,1229,NULL,1,'2021-02-13 14:38:28',2,'0d3d4ba8-9c2c-4ba5-bdbb-d7420d140594'),(1005845,1000246,1228,NULL,1,'2021-02-13 14:38:28',1,'9d1e7bb5-a307-4e24-b291-8b9472827de8'),(1005846,1000246,1000245,NULL,1,'2021-02-13 14:38:28',3,'81f6d416-7754-4503-beea-89cc87cbacc1'),(1005847,1000247,1228,NULL,1,'2021-02-13 14:43:56',1,'1ee31361-24ea-4abf-a12e-4c4c009b498f'),(1005848,1000247,1000245,NULL,1,'2021-02-13 14:43:56',3,'114a8915-43bb-481b-9a5c-db2c03d3b5aa'),(1005849,1000247,1229,NULL,1,'2021-02-13 14:43:56',2,'bf0b7588-f169-44b5-bad5-5ac4d99f352a'),(1005850,1000248,1229,NULL,1,'2021-02-13 14:45:33',2,'6b0b5842-f461-4019-b33a-16fbe378f0e8'),(1005851,1000248,1228,NULL,1,'2021-02-13 14:45:33',1,'4428b862-fc0f-4126-b0cc-c189622e8f88'),(1005852,1000248,1000245,NULL,1,'2021-02-13 14:45:33',3,'c48f0d1c-0adf-47cf-9f34-519b71373bf6'),(1005853,1000249,1000081,NULL,1,'2021-02-14 10:35:45',2,'4c885435-a6e6-4bcc-80d9-568b2f4aeb45'),(1005854,1000249,1000071,NULL,1,'2021-02-14 10:35:45',1,'a969fd41-87a7-4564-b3bb-5e8bf1bb9a0d'),(1005855,1000249,90083,NULL,1,'2021-02-14 10:35:45',3,'3134aea8-e254-4663-b4c1-cf85b74132c9'),(1005856,1000249,1000250,NULL,1,'2021-02-14 10:38:18',4,'46c1834a-644a-46d0-8148-c201c0fc4b20'),(1005857,1000249,5622,NULL,1,'2021-02-14 10:38:18',5,'aec39e14-c27e-4598-853f-d69480a986c1'),(1005858,1000252,1000250,NULL,1,'2021-02-14 10:41:56',1,'b8b24946-4b56-4350-8b51-d8f0bc6d7f0d'),(1005859,1000252,1000253,NULL,1,'2021-02-14 10:43:08',2,'b4434267-5c48-47ac-96d4-fa682f340423'),(1005860,1000254,1065,NULL,1,'2021-02-14 10:50:28',1,'fbef4eb8-9d76-4e0a-b3ee-06b8ec591b98'),(1005861,1000254,1066,NULL,1,'2021-02-14 10:50:28',2,'18ba7f9f-b485-41b3-889a-158eecb0f9fe'),(1005862,1000255,1000256,NULL,1,'2021-02-14 11:48:20',1,'a6d672ac-b1df-430a-8051-829732537534'),(1005863,1000255,1000257,NULL,1,'2021-02-14 11:48:20',2,'a3fbc729-281a-4fed-a6e4-345c8ea3c805'),(1005864,1000255,1000258,NULL,1,'2021-02-14 11:48:20',3,'436741cb-fd8f-4242-bbc0-b759eefbb934'),(1005865,1000255,1107,NULL,1,'2021-02-14 11:48:20',4,'8fb05310-785b-42a7-b20b-9b8c2e5ba4e9'),(1005866,1000255,5622,NULL,1,'2021-02-14 11:48:20',5,'6a19a5fa-5a25-4720-8b05-f20a0be20356');
/*!40000 ALTER TABLE `concept_answer` ENABLE KEYS */;
UNLOCK TABLES;


--
-- Dumping data for table `concept_description`
--

LOCK TABLES `concept_description` WRITE;
/*!40000 ALTER TABLE `concept_description` DISABLE KEYS */;
INSERT INTO `concept_description` VALUES (1017586,1000000,'Female Sex Workers','en',1,'2016-10-11 08:57:21',NULL,NULL,'e7b368ac-bc80-4aa9-8d41-6abb99c06b85'),(1017587,1000001,'Men who sex with men','en',1,'2016-10-11 08:59:06',NULL,NULL,'7ce1c602-69da-468e-a30c-80c0bc1338a4'),(1017588,1000002,'Transgender','en',1,'2016-10-11 09:00:02',NULL,NULL,'b596ce62-8681-4064-9403-1e039c7f2ece'),(1017589,1000003,'Non Injectable Drug Users','en',1,'2016-10-11 09:02:19',NULL,NULL,'d02c1808-66f3-456c-83fe-e7056f2e4a6c'),(1017590,1000004,'Injectable Drug Users','en',1,'2016-10-11 09:03:31',NULL,NULL,'6234fa9f-4fbf-463e-a7a2-bf3f2102a6f4'),(1017591,1000005,'Fish Folks','en',1,'2016-10-11 09:04:38',NULL,NULL,'2cc76290-c68a-436c-a7ba-ba2bed3120aa'),(1017592,1000006,'Uniformed Personnel','en',1,'2016-10-11 09:05:24',NULL,NULL,'04aca844-c77e-4965-9130-98680255f744'),(1017593,1000007,'Truckers','en',1,'2016-10-11 09:06:16',NULL,NULL,'ebe3c462-01d0-4021-8e80-ba98ccb0532a'),(1017594,1000008,'General Population','en',1,'2016-10-11 09:07:15',NULL,NULL,'60967d15-49a2-4ab1-a248-92741ee2fe21'),(1017595,1000009,'Type of MARPS','en',1,'2016-10-11 09:10:59',NULL,NULL,'5913e96a-df60-46d0-bc8c-bd78953eda65'),(1017596,1000010,'Last HIV Test Results of Client','en',41,'2016-10-11 10:13:29',NULL,NULL,'56af6d9b-4065-4ee6-bde2-0ef6904a3fb1'),(1017597,1000011,'MARPI','en',41,'2016-10-11 10:20:00',NULL,NULL,'7f1593ad-b3f4-4a60-9069-045be2198d36'),(1017598,1000012,'ISS MULAGO','en',41,'2016-10-11 10:33:00',NULL,NULL,'bd0fdb1b-f61e-42e5-bfae-811cb0b0f78d'),(1017599,1000013,'TASO MULAGO','en',41,'2016-10-11 10:35:42',NULL,NULL,'8bacc056-6b9a-4238-ad99-8f1759dde4bf'),(1017600,1000014,'TASO ENTEBBE','en',41,'2016-10-11 10:46:01',NULL,NULL,'c5117649-5712-4422-8f35-3854b5cfd745'),(1017601,1000015,'KAWALA H/C','en',41,'2016-10-11 10:52:36',NULL,NULL,'3419cbe2-9235-4f49-a643-2163d107bdc3'),(1017602,1000016,'KCCA KISENYI','en',41,'2016-10-11 11:02:24',NULL,NULL,'187c56b3-d7ec-4e35-ba00-433155c8c73d'),(1017603,1000017,'MILDMAY','en',41,'2016-10-11 11:05:01',NULL,NULL,'70a86a54-88c4-41ce-8f77-8f3981a0d77e'),(1017604,1000018,'UGANDA CARES','en',41,'2016-10-11 11:06:30',NULL,NULL,'285e0444-fecc-4e4e-a77d-e15e4b4b0229'),(1017605,1000019,'JOINT CLINICAL RESEARCH CENTER BOMBO','en',41,'2016-10-11 11:08:49',NULL,NULL,'0331562e-6bcb-4ae3-8cf6-cd086df2130e'),(1017606,1000020,'KITEBI H/C','en',41,'2016-10-11 11:14:13',NULL,NULL,'4ef1178a-34dd-4068-9d0d-77157325a732'),(1017607,1000021,'VULNERABLE YOUTH','en',41,'2016-10-13 16:56:41',NULL,NULL,'c26b52ee-bab9-4acd-8820-05f247febe86'),(1017608,1000022,'LESBIAN','en',41,'2016-10-13 17:00:21',NULL,NULL,'60d388b0-b55b-478e-882e-66463ac42f6c'),(1017609,1000023,'MOTO BIKE DRIVERS','en',76,'2016-11-10 13:09:28',NULL,NULL,'dfdc208d-b96c-49fa-8adb-d19903fa3582'),(1017610,1000024,'This concept added to support tracking of most at risk populations','en',1,'2017-03-14 17:37:21',NULL,NULL,'b43a0647-da49-4c1c-bb37-9ef102e3493e'),(1017611,1000082,'ANC, PNC, PMTCT/EMTCT or immunizaiton services provided','en',1,'2017-04-03 15:44:22',NULL,NULL,'2d3b0ee9-adf2-45cf-bac8-883c4a268a82'),(1017612,1000167,'This is the pregnancy carried beyond 7 months exluding the current pregancy','en',1,'2017-04-20 15:18:33',NULL,NULL,'f9a5c2ec-7260-45ae-b9f7-67df700fc4b2'),(1017613,1000176,'Point of Testing E.g Ward, OPD, Clinic','en',41,'2017-07-21 11:13:40',NULL,NULL,'641bd9d8-74ef-4dde-87e2-4cece0310fdb'),(1017614,1000177,'NAGULU CLINIC HEALTH CENTRE','en',41,'2017-10-03 16:57:43',NULL,NULL,'db5c1e4f-35c4-4344-a309-7061c702c83c'),(1017615,1000178,'REACH OUT MBUYA','en',41,'2017-10-03 17:00:31',NULL,NULL,'50fd9390-3a1d-4389-b6c9-3461aa8ae30b'),(1017616,1000179,'REACH OUT LUZIRA','en',41,'2017-10-03 17:01:20',NULL,NULL,'d15bcb15-31e7-42f1-b3ce-4e06d84a2d03'),(1017617,1000180,'REACH OUT BANDA','en',41,'2017-10-03 17:02:11',NULL,NULL,'365875c0-eab9-4b3e-916c-0d3d7797acda'),(1017618,1000181,'HOME CARE KANYANYA','en',41,'2017-10-03 17:04:19',NULL,NULL,'da79d787-b148-4374-8873-3ce9a9b8ed7c'),(1017619,1000182,'KAWEMPE KCCA','en',41,'2017-10-03 17:06:20',NULL,NULL,'b163ece9-c303-4550-84c3-9c3024818b67'),(1017620,1000183,'RUBAGA HOSPITAL','en',41,'2017-10-03 17:07:41',NULL,NULL,'81b721d7-bec1-4c5f-b178-7317bd9a45f3'),(1017621,1000184,'NSAMBYA HOME CARE','en',41,'2017-10-03 17:08:50',NULL,NULL,'350ccd12-8d06-4c61-b9c5-426fc4d18f99'),(1017622,1000185,'IDI MULAGO','en',41,'2017-10-03 17:09:45',NULL,NULL,'49578a3b-bdda-4633-8a89-eb654552eefb'),(1017623,1000186,'KISWA HEALTH CENTRE','en',41,'2017-10-03 17:10:58',NULL,NULL,'1d2d6851-9182-42eb-b87b-e9049b300878'),(1017624,1000187,'AIDS INFORMATION CENTER','en',41,'2017-10-03 17:11:58',NULL,NULL,'3b41255a-fd11-423a-b889-7378a4bafedd'),(1017625,1000188,'MRC-KISENYI MENGO','en',41,'2017-10-03 17:13:07',NULL,NULL,'aefca038-0eba-4ab4-91f5-137459173f53'),(1017626,1000189,'MAKINDYE BARACKS H/C','en',41,'2017-10-03 17:14:17',NULL,NULL,'7111b5c4-fe19-4308-8e6e-a77e98ea42b8'),(1017627,1000190,'CHERISH III HEALTH CENTRE','en',41,'2017-10-03 17:16:33',NULL,NULL,'9afb6e55-c4cd-487b-874e-5a08bca5cab5'),(1017628,1000191,'NABWERU HEALTH CENTRE IV','en',41,'2017-10-03 17:22:54',NULL,NULL,'d79d6751-1cdd-4bd6-b83b-e2c027a7bbaa'),(1017629,1000192,'UMAYA KIIRA H/C','en',41,'2017-10-03 17:26:31',NULL,NULL,'bc3b2116-3d4a-4909-8282-12c8c8bb4fb3'),(1017630,1000193,'KIIRA HEALTH CENTRE III','en',41,'2017-10-03 17:27:46',NULL,NULL,'9370cd29-d362-408b-b2b6-89dbc975572b'),(1017631,1000194,'BAYLOR UGANDA','en',41,'2017-10-03 17:28:46',NULL,NULL,'76575c6b-2a42-4578-a818-278b35bba9f7'),(1017632,1000195,'NAMUWONGO ALIVE','en',41,'2017-10-03 17:31:27',NULL,NULL,'ea139336-b177-49eb-8899-9cdf076b5c58'),(1017633,1000196,'KOMAMBOGA HEALTH CENTRE III','en',41,'2017-10-03 17:32:44',NULL,NULL,'c48ce401-fcd8-48ce-98f7-66018f8707c9'),(1017634,1000197,'MUJHU MULAGO','en',41,'2017-10-03 17:33:33',NULL,NULL,'23414913-21d8-4f73-8776-01adb7f77e32'),(1017635,1000198,'KISUGU HEALTH CENTRE','en',41,'2017-10-03 17:36:21',NULL,NULL,'85df7b9c-d78a-46e2-b802-3918a056d278'),(1017636,1000199,'ENTEBBE GRADE A','en',41,'2017-10-03 17:37:17',NULL,NULL,'c3a5d56b-679f-4ca9-9a07-50dab2f9db7c'),(1017637,1000200,'ENTEBBE GRADE B','en',41,'2017-10-03 17:37:38',NULL,NULL,'6e4b8e0d-766f-45a4-8da5-9c939ac8c723'),(1017638,1000201,'HOPE CLINIC NAGANDA','en',41,'2017-10-03 17:47:22',NULL,NULL,'251f809c-82b2-4e2f-bf71-542db52540c8'),(1017639,1000202,'KAMWOKYA COMMUNITY CENTRE','en',41,'2017-10-03 17:49:04',NULL,NULL,'51816544-8931-45e2-be4d-c0b82486e1ad'),(1017640,1000203,'Bar Girl/Attendant','en',41,'2017-10-03 18:55:16',NULL,NULL,'6f51c380-26cb-47e1-9d13-249d85fbf98d'),(1017641,1000204,'Call/Con Girl','en',41,'2017-10-03 18:56:57',NULL,NULL,'babd0d15-e9e6-44e8-aca4-01c15bd1634a'),(1017642,1000205,'Entertainment Centers','en',41,'2019-07-16 18:27:18',NULL,NULL,'2a00b3b1-e0a9-4485-9687-d38436260bd6');
/*!40000 ALTER TABLE `concept_description` ENABLE KEYS */;
UNLOCK TABLES;


--
-- Dumping data for table `concept_name`
--

LOCK TABLES `concept_name` WRITE;
/*!40000 ALTER TABLE `concept_name` DISABLE KEYS */;
INSERT INTO `concept_name` VALUES (1135927,1000000,'Female Sex Workers','en',1,1,'2016-10-11 08:57:21','FULLY_SPECIFIED',0,NULL,NULL,NULL,'a77d1a5b-84f3-44ff-bfc2-1fda2fea12cb',NULL,NULL),(1135928,1000000,'FSW','en',0,1,'2016-10-11 08:57:21','SHORT',0,NULL,NULL,NULL,'2f911713-43bc-4f04-b652-ac563c0efd6b',NULL,NULL),(1135929,1000001,'MSM','en',0,1,'2016-10-11 08:59:06','SHORT',0,NULL,NULL,NULL,'dc413eee-109b-4e00-a044-17e8ce7a9a32',NULL,NULL),(1135930,1000001,'Men Sex With Men','en',1,1,'2016-10-11 08:59:06','FULLY_SPECIFIED',0,NULL,NULL,NULL,'70136433-ca71-4a8c-8592-c984688cdcdf',NULL,NULL),(1135931,1000002,'Transgender','en',0,1,'2016-10-11 09:00:02','SHORT',0,NULL,NULL,NULL,'730a8320-55ee-45e7-880e-67b23c599025',NULL,NULL),(1135932,1000002,'Transgender','en',1,1,'2016-10-11 09:00:02','FULLY_SPECIFIED',0,NULL,NULL,NULL,'213ea3c8-82ba-4b4e-9880-1e6de5d4d526',NULL,NULL),(1135933,1000003,'Non -IDUs','en',0,1,'2016-10-11 09:02:19','SHORT',0,NULL,NULL,NULL,'5dde5a76-a42d-43ab-bfc8-9be523e830b0',NULL,NULL),(1135934,1000003,'Non Injectable Drug Users','en',1,1,'2016-10-11 09:02:19','FULLY_SPECIFIED',0,NULL,NULL,NULL,'4d92bfba-a15c-46ed-928f-4260ce2eb493',NULL,NULL),(1135935,1000004,'Injectable Drug Users','en',1,1,'2016-10-11 09:03:31','FULLY_SPECIFIED',0,NULL,NULL,NULL,'ea76e7bc-2db6-4001-9760-2a0752a79638',NULL,NULL),(1135936,1000004,'IDUs','en',0,1,'2016-10-11 09:03:31','SHORT',0,NULL,NULL,NULL,'c303a70d-eba8-47c2-a268-f5a69769ff63',NULL,NULL),(1135937,1000005,'Fish Folks','en',0,1,'2016-10-11 09:04:38','SHORT',0,NULL,NULL,NULL,'99815ff6-1cbe-4f53-ad95-56d1c39157ee',NULL,NULL),(1135938,1000005,'Fish Folks','en',1,1,'2016-10-11 09:04:38','FULLY_SPECIFIED',0,NULL,NULL,NULL,'49f0bd45-bd4d-4799-b42a-5a970ae16677',NULL,NULL),(1135939,1000006,'Uniformed Personnel','en',1,1,'2016-10-11 09:05:24','FULLY_SPECIFIED',0,NULL,NULL,NULL,'3c93dc03-630b-4f7a-8cf6-e38386354b28',NULL,NULL),(1135940,1000006,'Uniformed Personnel','en',0,1,'2016-10-11 09:05:24','SHORT',0,NULL,NULL,NULL,'1bdb0fc0-155e-47c0-a100-742467b3ec35',NULL,NULL),(1135941,1000007,'Truckers','en',0,1,'2016-10-11 09:06:16','SHORT',0,NULL,NULL,NULL,'72fad9f5-acaf-4e62-a683-28c39f9d4933',NULL,NULL),(1135942,1000007,'Truckers','en',1,1,'2016-10-11 09:06:16','FULLY_SPECIFIED',0,NULL,NULL,NULL,'18ed8365-36ae-4ed5-b3b7-80ba1229afac',NULL,NULL),(1135943,1000008,'General Popn','en',0,1,'2016-10-11 09:07:15','SHORT',0,NULL,NULL,NULL,'90af87a4-033a-4b3b-90d0-3ec2fe2ac2f5',NULL,NULL),(1135944,1000008,'General Population','en',1,1,'2016-10-11 09:07:15','FULLY_SPECIFIED',0,NULL,NULL,NULL,'6f854f37-2bdc-4365-882a-b491c1be40da',NULL,NULL),(1135945,1000009,'Types of MARPS','en',1,1,'2016-10-11 09:10:59','FULLY_SPECIFIED',0,NULL,NULL,NULL,'55e2ba98-5459-4817-930c-abb051067773',NULL,NULL),(1135946,1000009,'Types of MARPS','en',0,1,'2016-10-11 09:10:59','SHORT',0,NULL,NULL,NULL,'bc8fbd1a-af4f-44da-a320-b87da8123f3d',NULL,NULL),(1135947,1000010,'Last HIV Test Results of Client','en',1,41,'2016-10-11 10:13:29','FULLY_SPECIFIED',0,NULL,NULL,NULL,'c18f7e69-5158-43ef-86b1-222d66247e1b',NULL,NULL),(1135948,1000011,'MARPI','en',1,41,'2016-10-11 10:20:00','FULLY_SPECIFIED',0,NULL,NULL,NULL,'55304ee7-5dc9-4dcc-a88e-cfe0fb48fc0a',NULL,NULL),(1135949,1000011,'MARPI','en',0,41,'2016-10-11 10:20:00','SHORT',0,NULL,NULL,NULL,'6148f2a6-6fdf-49e8-bd3e-69ba31e47471',NULL,NULL),(1135950,1000012,'ISS MULAGO','en',0,41,'2016-10-11 10:33:00','SHORT',0,NULL,NULL,NULL,'2531d290-b72e-4041-b469-ed203292cd42',NULL,NULL),(1135951,1000012,'ISS MULAGO','en',1,41,'2016-10-11 10:33:00','FULLY_SPECIFIED',0,NULL,NULL,NULL,'cbad0b02-0808-41ce-a5dd-3e19b85e2610',NULL,NULL),(1135952,1000013,'TASO MULAGO','en',1,41,'2016-10-11 10:35:42','FULLY_SPECIFIED',0,NULL,NULL,NULL,'9eaebc4a-ee0e-4e7b-9b01-1e0f3bebc516',NULL,NULL),(1135953,1000013,'TASO MULAGO','en',0,41,'2016-10-11 10:35:42','SHORT',0,NULL,NULL,NULL,'a1ffd5d3-7ace-4987-a6c0-d7001f0e8550',NULL,NULL),(1135954,1000014,'TASO ENTEBBE','en',0,41,'2016-10-11 10:46:01','SHORT',0,NULL,NULL,NULL,'24cb1d2c-941e-4959-99d9-768f5ac6f675',NULL,NULL),(1135955,1000014,'TASO ENTEBBE','en',1,41,'2016-10-11 10:46:01','FULLY_SPECIFIED',0,NULL,NULL,NULL,'de770178-9852-4c16-8f05-0d63f92215ce',NULL,NULL),(1135956,1000015,'KAWALA H/C','en',1,41,'2016-10-11 10:52:36','FULLY_SPECIFIED',0,NULL,NULL,NULL,'ea43a35d-6b75-4779-85b6-c0dea6eb7bb6',NULL,NULL),(1135957,1000015,'KAWALA H/C','en',0,41,'2016-10-11 10:52:36','SHORT',0,NULL,NULL,NULL,'b469a496-9d4e-4ec2-a36b-f1b53b08ea05',NULL,NULL),(1135958,1000016,'KCCA KISENYI','en',0,41,'2016-10-11 11:02:24','SHORT',0,NULL,NULL,NULL,'65660828-32ad-4e33-98cf-d701c39a9ed4',NULL,NULL),(1135959,1000016,'KCCA KISENYI','en',1,41,'2016-10-11 11:02:24','FULLY_SPECIFIED',0,NULL,NULL,NULL,'328e41a7-1fb0-41d0-9ef0-836cbbd7a021',NULL,NULL),(1135960,1000017,'MILDMAY','en',0,41,'2016-10-11 11:05:01','SHORT',0,NULL,NULL,NULL,'adf9368f-19a1-4515-b32d-935b44a43ce8',NULL,NULL),(1135961,1000017,'MILDMAY','en',1,41,'2016-10-11 11:05:01','FULLY_SPECIFIED',0,NULL,NULL,NULL,'3e803505-4637-461b-b176-7422c9bb7625',NULL,NULL),(1135962,1000018,'UGANDA CARES','en',0,41,'2016-10-11 11:06:30','SHORT',0,NULL,NULL,NULL,'84682ada-421f-4176-a665-001ebe6fe046',NULL,NULL),(1135963,1000018,'UGANDA CARES','en',1,41,'2016-10-11 11:06:30','FULLY_SPECIFIED',0,NULL,NULL,NULL,'abb34807-9bba-49b1-9e86-88714f00579b',NULL,NULL),(1135964,1000019,'JCRC BOMBO','en',0,41,'2016-10-11 11:08:49','SHORT',0,NULL,NULL,NULL,'79b92d48-1702-4114-be82-1abbec26ef09',NULL,NULL),(1135965,1000019,'JCRC BOMBO','en',1,41,'2016-10-11 11:08:49','FULLY_SPECIFIED',0,NULL,NULL,NULL,'da9fd957-428c-4fa2-a339-3bf05c2e45c3',NULL,NULL),(1135966,1000020,'KITEBI H/C','en',0,41,'2016-10-11 11:14:13','SHORT',0,NULL,NULL,NULL,'cfcd4143-7cc8-4922-bc2e-5eb235ef0cdf',NULL,NULL),(1135967,1000020,'KITEBI H/C','en',1,41,'2016-10-11 11:14:13','FULLY_SPECIFIED',0,NULL,NULL,NULL,'67978121-83e2-4ee0-9175-653718277f17',NULL,NULL),(1135968,1000021,'VULNERABLE YOUTH','en',0,41,'2016-10-13 16:56:41','SHORT',0,NULL,NULL,NULL,'47a687c8-909f-431d-a339-04de97a175c0',NULL,NULL),(1135969,1000021,'VULNERABLE YOUTH','en',1,41,'2016-10-13 16:56:41','FULLY_SPECIFIED',0,NULL,NULL,NULL,'558b47bf-562b-4605-a314-c1503507ae15',NULL,NULL),(1135970,1000022,'LESBIAN','en',0,41,'2016-10-13 17:00:21','SHORT',0,NULL,NULL,NULL,'7d9d4c3d-260f-40ab-b184-78c81227042d',NULL,NULL),(1135971,1000022,'LESBIAN','en',1,41,'2016-10-13 17:00:21','FULLY_SPECIFIED',0,NULL,NULL,NULL,'e1cbe28a-139b-4aca-b73a-0b2bf85b75f3',NULL,NULL),(1135972,1000023,'BODA BODA','en',1,76,'2016-11-10 13:09:28','FULLY_SPECIFIED',0,NULL,NULL,NULL,'8cd767c5-a91c-4879-ac9c-31b074465442',NULL,NULL),(1135973,1000023,'BODA BODA','en',0,76,'2016-11-10 13:09:28','SHORT',0,NULL,NULL,NULL,'73815f48-c955-4e8a-af96-a86105c9a58f',NULL,NULL),(1135974,1000024,'CASUAL','en',1,1,'2017-03-14 17:37:21','FULLY_SPECIFIED',0,NULL,NULL,NULL,'ae48e39a-ee6b-4df0-b694-ca7b31756d15',NULL,NULL),(1135975,1000025,'Type of Referral','en',1,1,'2017-03-14 17:40:49','FULLY_SPECIFIED',0,NULL,NULL,NULL,'c83592bc-7d64-4cc2-948b-02762b8550fc',NULL,NULL),(1135976,1000026,'Referred by Other','en',1,1,'2017-03-14 17:43:03','FULLY_SPECIFIED',0,NULL,NULL,NULL,'621e6a2e-eb4b-4742-99b4-919bf569f884',NULL,NULL),(1135977,1000027,'Other refered by','en',1,1,'2017-03-14 17:43:43','FULLY_SPECIFIED',0,NULL,NULL,NULL,'bb9f40b7-f43b-434a-87c0-be38f1d1ebad',NULL,NULL),(1135978,1000028,'Occupation','en',1,1,'2017-03-14 17:45:29','FULLY_SPECIFIED',0,NULL,NULL,NULL,'1dd35781-3bbd-4dcf-8921-b89658865f95',NULL,NULL),(1135979,1000029,'Health Sub District','en',1,1,'2017-03-14 17:46:46','FULLY_SPECIFIED',0,NULL,NULL,NULL,'3442c90f-4604-4d12-925d-492824308b5e',NULL,NULL),(1135980,1000029,'HSD','en',0,1,'2017-03-14 17:46:46','SHORT',0,NULL,NULL,NULL,'8502e6e0-efb2-4304-87f0-0024ce88ad8d',NULL,NULL),(1135981,1000030,'Service Point Village','en',1,1,'2017-03-14 17:49:52','FULLY_SPECIFIED',0,NULL,NULL,NULL,'9e3f1edc-2d68-4047-a6f7-74e1d389ea09',NULL,NULL),(1135982,1000031,'Service Point Parish','en',1,1,'2017-03-14 17:50:17','FULLY_SPECIFIED',0,NULL,NULL,NULL,'d84dcd6d-b65c-4eab-8962-7018a57d4fee',NULL,NULL),(1135983,1000032,'Service Point Sub County','en',1,1,'2017-03-14 17:50:44','FULLY_SPECIFIED',0,NULL,NULL,NULL,'b73314a1-8872-447c-818a-537ccc217908',NULL,NULL),(1135984,1000033,'Service Point District','en',1,1,'2017-03-14 17:51:09','FULLY_SPECIFIED',0,NULL,NULL,NULL,'5d60ea24-6ac6-4d03-a18e-b10614967905',NULL,NULL),(1135985,1000034,'RELIGION','en',1,1,'2017-03-14 17:52:22','FULLY_SPECIFIED',0,NULL,NULL,NULL,'ad506057-9b10-41df-bf39-a0085e2ac501',NULL,NULL),(1135986,1000035,'CHRISTIAN','en',1,1,'2017-03-14 17:52:55','FULLY_SPECIFIED',0,NULL,NULL,NULL,'7077fef6-33af-4ff8-b6b1-fe6375eb316a',NULL,NULL),(1135987,1000036,'MOSLEM','en',1,1,'2017-03-14 17:53:12','FULLY_SPECIFIED',0,NULL,NULL,NULL,'af0082f2-2d73-4e3b-84fb-f99c2bfd2a3e',NULL,NULL),(1135988,1000037,'Other religion','en',1,1,'2017-03-14 17:53:28','FULLY_SPECIFIED',0,NULL,NULL,NULL,'8b795c78-73ff-4ad1-9f3e-eb4e77e3963d',NULL,NULL),(1135989,1000038,'OTHER RELIGION SPECIFY','en',1,1,'2017-03-14 17:54:05','FULLY_SPECIFIED',0,NULL,NULL,NULL,'6c00d451-4384-4aec-82b7-d8029342b554',NULL,NULL),(1135990,1000039,'PRIMARY LEVEL','en',1,1,'2017-03-14 17:55:06','FULLY_SPECIFIED',0,NULL,NULL,NULL,'c1a4eed8-cd1c-4cf9-8ce9-5814c1e8d5fd',NULL,NULL),(1135991,1000040,'SECONDARY LEVEL','en',1,1,'2017-03-14 17:55:28','FULLY_SPECIFIED',0,NULL,NULL,NULL,'6cfcf611-ac81-47bc-83fd-4d4cd99c3f6f',NULL,NULL),(1135992,1000041,'TERTIARY INSTITUTION','en',1,1,'2017-03-14 17:55:54','FULLY_SPECIFIED',0,NULL,NULL,NULL,'8f7663a2-0be6-4031-9ab8-76da707fb5fe',NULL,NULL),(1135993,1000042,'CATEGORY OF CLIENT','en',1,1,'2017-03-14 17:57:33','FULLY_SPECIFIED',0,NULL,NULL,NULL,'5d3ba1e8-2a76-473d-8a86-c4ae8aa01b41',NULL,NULL),(1135994,1000043,'Key Population','en',1,1,'2017-03-14 18:02:48','FULLY_SPECIFIED',0,NULL,NULL,NULL,'3bf39786-5941-486b-8363-cea3a53ae900',NULL,NULL),(1135995,1000044,'Police officer','en',1,1,'2017-03-14 18:15:34','FULLY_SPECIFIED',0,NULL,NULL,NULL,'95e30989-253c-4994-9b8f-66da91da7de3',NULL,NULL),(1135996,1000045,'Prisons Officer','en',1,1,'2017-03-14 18:15:51','FULLY_SPECIFIED',0,NULL,NULL,NULL,'5d75aa5f-4039-4027-8ff8-daceb7c1ee28',NULL,NULL),(1135997,1000046,'Army Officer','en',1,1,'2017-03-14 18:16:09','FULLY_SPECIFIED',0,NULL,NULL,NULL,'b5f3ba3a-17a1-4445-9c1b-61e31efac64b',NULL,NULL),(1135998,1000047,'Other uniformed personnel','en',1,1,'2017-03-14 18:16:43','FULLY_SPECIFIED',0,NULL,NULL,NULL,'101a8246-bd08-43d7-9a62-c2d6e5e3de2b',NULL,NULL),(1135999,1000048,'Fisher man','en',1,1,'2017-03-14 18:17:27','FULLY_SPECIFIED',0,NULL,NULL,NULL,'c8acfec4-7b40-42c3-8ad0-644099b43896',NULL,NULL),(1136000,1000049,'Fish Monger','en',1,1,'2017-03-14 18:17:41','FULLY_SPECIFIED',0,NULL,NULL,NULL,'d6cac7c7-cb37-4286-84d1-70d2ec3c7316',NULL,NULL),(1136001,1000050,'Other fish folk','en',1,1,'2017-03-14 18:17:59','FULLY_SPECIFIED',0,NULL,NULL,NULL,'39a650b9-2396-4a24-9ef5-89236690e3a1',NULL,NULL),(1136002,1000051,'Driver','en',1,1,'2017-03-14 18:21:12','FULLY_SPECIFIED',0,NULL,NULL,NULL,'15876677-c568-4c51-ac43-9980f25ee192',NULL,NULL),(1136003,1000052,'Ton man','en',1,1,'2017-03-14 18:21:31','FULLY_SPECIFIED',0,NULL,NULL,NULL,'b450aba1-66a5-426c-8016-734a8d234c58',NULL,NULL),(1136004,1000053,'Male Sex Workers','en',1,1,'2017-03-14 18:24:41','FULLY_SPECIFIED',0,NULL,NULL,NULL,'3db8d1a0-ba0f-4581-937a-916145c4ad46',NULL,NULL),(1136005,1000053,'MSW','en',0,1,'2017-03-14 18:24:41','SHORT',0,NULL,NULL,NULL,'b653d26d-f45c-4047-94da-4067d57738a6',NULL,NULL),(1136006,1000054,'KEY POPULATION TYPE','en',1,1,'2017-03-14 18:27:56','FULLY_SPECIFIED',0,NULL,NULL,NULL,'c528d3b7-52a9-49a6-ac05-1738e1676bb4',NULL,NULL),(1136007,1000055,'COMMENTS ON KEY POPULATION SERVICE SESSION','en',1,1,'2017-03-14 18:28:56','FULLY_SPECIFIED',0,NULL,NULL,NULL,'0259e6a5-e486-4883-b181-dd0ea389efae',NULL,NULL),(1136008,1000056,'NUMBER OF MALE CONDOMS GIVEN','en',1,1,'2017-04-03 14:43:08','FULLY_SPECIFIED',0,NULL,NULL,NULL,'c9b80058-cf3c-4c16-8bf9-9ec7dc7ab884',NULL,NULL),(1136009,1000057,'NUMBER OF FEMALE CONDOMS GIVEN','en',1,1,'2017-04-03 14:43:28','FULLY_SPECIFIED',0,NULL,NULL,NULL,'d25e67dd-ea1e-4308-a3af-2b568069b51e',NULL,NULL),(1136010,1000058,'COMMODITIES GIVEN','en',1,1,'2017-04-03 14:52:45','FULLY_SPECIFIED',0,NULL,NULL,NULL,'da6f732a-eb3a-41e8-83bb-d625ba24afaf',NULL,NULL),(1136011,1000059,'EMERGENCY CONTRACEPTIVES','en',1,1,'2017-04-03 14:53:30','FULLY_SPECIFIED',0,NULL,NULL,NULL,'196aaa6c-94d9-4582-8837-34922b033f84',NULL,NULL),(1136012,1000060,'OTHER CONTRACEPTIVES SPECIFY','en',0,1,'2017-04-03 14:58:53',NULL,1,1,'2017-04-04 21:25:49','Deleted due to change of name','7b37b8a2-0607-4404-9ab3-5468decd23ac',NULL,NULL),(1136013,1000061,'Lubricants','en',1,1,'2017-04-03 15:03:17','FULLY_SPECIFIED',0,NULL,NULL,NULL,'956ee37e-5363-4cb0-94ae-9a14a5a580a0',NULL,NULL),(1136014,1000062,'HBV Drugs','en',1,1,'2017-04-03 15:03:57','FULLY_SPECIFIED',0,NULL,NULL,NULL,'c0eff15e-eb27-431b-b07f-5933c1dceb0e',NULL,NULL),(1136015,1000063,'IEC Materials','en',1,1,'2017-04-03 15:04:28','FULLY_SPECIFIED',0,NULL,NULL,NULL,'6e610e43-3620-4985-bdac-f70228e9ba50',NULL,NULL),(1136016,1000064,'Insecticide Treated Net','en',1,1,'2017-04-03 15:05:35','FULLY_SPECIFIED',0,NULL,NULL,NULL,'e7c696d6-adc6-4afa-b7fc-e8f7fc84f61a',NULL,NULL),(1136017,1000065,'STI Drugs','en',1,1,'2017-04-03 15:06:11','FULLY_SPECIFIED',0,NULL,NULL,NULL,'de35180b-2115-4c39-9427-c94a365b5d49',NULL,NULL),(1136018,1000066,'OIs drugs','en',1,1,'2017-04-03 15:07:43','FULLY_SPECIFIED',0,NULL,NULL,NULL,'4688a992-173a-4645-94dd-eacdf807c464',NULL,NULL),(1136019,1000067,'Risk reduction counselling','en',1,1,'2017-04-03 15:08:30','FULLY_SPECIFIED',0,NULL,NULL,NULL,'010bdddd-d2dc-4c63-b24b-3d58fd24b2ef',NULL,NULL),(1136020,1000068,'Condom Education','en',1,1,'2017-04-03 15:09:20','FULLY_SPECIFIED',0,NULL,NULL,NULL,'6c326eac-5d09-4fd8-8a08-65c8963f789e',NULL,NULL),(1136021,1000069,'Age appropriate messaging','en',1,1,'2017-04-03 15:24:54','FULLY_SPECIFIED',0,NULL,NULL,NULL,'472f29af-f5f6-4271-99ed-9ccf2ef26769',NULL,NULL),(1136022,1000070,'Gender & sexuality Counselling','en',1,1,'2017-04-03 15:25:17','FULLY_SPECIFIED',0,NULL,NULL,NULL,'1a7f7f54-ae21-42e8-b027-3c8ed71d29fc',NULL,NULL),(1136023,1000071,'Pre-Exposure Prophylaxis','en',1,1,'2017-04-03 15:28:50','FULLY_SPECIFIED',0,NULL,NULL,NULL,'f3299a5b-9341-4480-9aba-7b6309de2075',NULL,NULL),(1136024,1000071,'PrEP','en',0,1,'2017-04-03 15:28:50','SHORT',0,NULL,NULL,NULL,'5083f7e9-f6a3-4745-8b7a-2d87a9ee0ba8',NULL,NULL),(1136025,1000072,'ART counselling','en',1,1,'2017-04-03 15:29:29','FULLY_SPECIFIED',0,NULL,NULL,NULL,'12ccd10b-535a-4da1-9f9f-42e90344115f',NULL,NULL),(1136026,1000073,'PMTCT/EMTCT counselling','en',1,1,'2017-04-03 15:30:06','FULLY_SPECIFIED',0,NULL,NULL,NULL,'4be4c0a2-70f1-4986-9623-af337a668ebf',NULL,NULL),(1136027,1000074,'HBV counselling','en',1,1,'2017-04-03 15:30:37','FULLY_SPECIFIED',0,NULL,NULL,NULL,'52aed9da-752e-469c-ac0e-65b05e2f39c2',NULL,NULL),(1136028,1000075,'PHDP/PWP/Postive living & Nutrition Counselling','en',1,1,'2017-04-03 15:31:22','FULLY_SPECIFIED',0,NULL,NULL,NULL,'b4387700-02be-4e8f-abae-82a55fb62ff3',NULL,NULL),(1136029,1000076,'ANC PNC Immunization Breastfeeding advice','en',1,1,'2017-04-03 15:32:46','FULLY_SPECIFIED',0,NULL,NULL,NULL,'e5880152-3510-418e-8d90-98936770f7e4',NULL,NULL),(1136030,1000077,'Cancer of Cervix screening and breast cancer counselling and self-examiniation','en',1,1,'2017-04-03 15:34:05','FULLY_SPECIFIED',0,NULL,NULL,NULL,'f00dc698-1410-4d2e-8228-551d36513296',NULL,NULL),(1136031,1000078,'Violence prevention and post-violence counselling','en',1,1,'2017-04-03 15:35:42','FULLY_SPECIFIED',0,NULL,NULL,NULL,'e8e35118-03ed-4d90-8183-8ce1068a49b3',NULL,NULL),(1136032,1000079,'Harm Reduction Counselling','en',1,1,'2017-04-03 15:36:09','FULLY_SPECIFIED',0,NULL,NULL,NULL,'17f3eb74-4eb7-4d6d-a89e-7164677f5d7c',NULL,NULL),(1136033,1000080,'Other information given Specify','en',1,1,'2017-04-03 15:36:39','FULLY_SPECIFIED',0,NULL,NULL,NULL,'a71971b4-0277-4d97-92e7-8ca97175b3df',NULL,NULL),(1136034,1000081,'SMC','en',0,1,'2017-04-03 15:42:26','SHORT',0,NULL,NULL,NULL,'4478c325-a062-43fb-b4b6-9dc714e98575',NULL,NULL),(1136035,1000081,'Safe Male Circumcision','en',1,1,'2017-04-03 15:42:26','FULLY_SPECIFIED',0,NULL,NULL,NULL,'87b0ee63-0d07-4938-b735-7886d7aee45c',NULL,NULL),(1136036,1000082,'MCH services','en',0,1,'2017-04-03 15:44:22','SHORT',0,NULL,NULL,NULL,'c216d091-1c86-4a56-837d-7a49ae3f6ba7',NULL,NULL),(1136037,1000082,'Maternal and Child Health services','en',1,1,'2017-04-03 15:44:22','FULLY_SPECIFIED',0,NULL,NULL,NULL,'7d33ba14-7d06-4b48-9c55-5fe904232ad5',NULL,NULL),(1136038,1000083,'OPPORTUNISTIC INFECTIONS MANAGEMENT','en',1,1,'2017-04-03 15:47:18','FULLY_SPECIFIED',0,NULL,NULL,NULL,'d99f5497-f5df-4ad6-a737-af6fa36347b5',NULL,NULL),(1136039,1000084,'GENDER BASED VIOLENCE SCREENING AND MANAGEMENT','en',1,1,'2017-04-03 15:47:57','FULLY_SPECIFIED',0,NULL,NULL,NULL,'ae053dc5-4947-4852-866f-f424e615f410',NULL,NULL),(1136040,1000085,'CERVICAL CANCER SCREENING','en',1,1,'2017-04-03 15:49:10','FULLY_SPECIFIED',0,NULL,NULL,NULL,'0ff67a50-ab77-491c-8b04-466b0581f183',NULL,NULL),(1136041,1000086,'HBV Screening','en',1,1,'2017-04-03 15:49:33','FULLY_SPECIFIED',0,NULL,NULL,NULL,'4f487b81-ab66-47bb-a61f-f87e84ecc587',NULL,NULL),(1136042,1000087,'HIV Clinical/Lab monitoring','en',1,1,'2017-04-03 15:50:07','FULLY_SPECIFIED',0,NULL,NULL,NULL,'8be2dd6c-24dc-493e-a44e-94474843e00a',NULL,NULL),(1136043,1000088,'TB Screening','en',1,1,'2017-04-03 15:52:24','FULLY_SPECIFIED',0,NULL,NULL,NULL,'8115cd52-be74-4a0b-9730-dffd11ec1dbb',NULL,NULL),(1136044,1000089,'TB Assessment','en',1,1,'2017-04-03 15:52:42','FULLY_SPECIFIED',0,NULL,NULL,NULL,'d9785087-3c63-4398-8c0e-3af7dc51bf8e',NULL,NULL),(1136045,1000090,'TB treatment','en',1,1,'2017-04-03 15:53:03','FULLY_SPECIFIED',0,NULL,NULL,NULL,'68ff37ae-96e8-4342-b952-e608b32d5f1c',NULL,NULL),(1136046,1000091,'Pre-abortion care','en',1,1,'2017-04-03 15:53:45','FULLY_SPECIFIED',0,NULL,NULL,NULL,'3907fb45-2937-42a9-b401-c4d934ed89a2',NULL,NULL),(1136047,1000092,'Post-abortion care','en',1,1,'2017-04-03 15:54:13','FULLY_SPECIFIED',0,NULL,NULL,NULL,'d6464a75-df25-4d05-8bdc-c77e53041f38',NULL,NULL),(1136048,1000093,'Home Based Care, or Palliative Care','en',1,1,'2017-04-03 15:56:34','FULLY_SPECIFIED',0,NULL,NULL,NULL,'fc9d0f3c-3404-4629-b8da-725f799bbcd5',NULL,NULL),(1136049,1000094,'Livelihood Support','en',1,1,'2017-04-03 15:57:26','FULLY_SPECIFIED',0,NULL,NULL,NULL,'b3488327-e540-44e1-9c9d-1901ebdbcd70',NULL,NULL),(1136050,1000095,'HBV Vaccination','en',1,1,'2017-04-03 15:58:21','FULLY_SPECIFIED',0,NULL,NULL,NULL,'b3fcd60c-a34f-43ba-b8f8-d61320ee0a14',NULL,NULL),(1136051,1000096,'HBV Care & Treatment','en',1,1,'2017-04-03 15:58:50','FULLY_SPECIFIED',0,NULL,NULL,NULL,'32641db2-23a6-4985-9656-b301fd2a4d24',NULL,NULL),(1136052,1000097,'Referral Outcome','en',1,1,'2017-04-03 15:59:49','FULLY_SPECIFIED',0,NULL,NULL,NULL,'20a88968-2d16-45a6-9311-d1f0d00ef715',NULL,NULL),(1136053,1000098,'Complaints Key findings and Diagnosis','en',1,1,'2017-04-03 16:00:53','FULLY_SPECIFIED',0,NULL,NULL,NULL,'610f03a0-a822-4469-905b-6d9daeca2325',NULL,NULL),(1136054,1000099,'ISSUES TO REVIEW ON NEXT VISIT','en',1,1,'2017-04-03 16:02:51','FULLY_SPECIFIED',0,NULL,NULL,NULL,'c4956280-dd73-4ee7-af40-d517c9a78f49',NULL,NULL),(1136055,1000100,'SIGNIFICANT POSITIVE FINDINGS','en',1,1,'2017-04-03 16:03:32','FULLY_SPECIFIED',0,NULL,NULL,NULL,'a03bd659-7e88-4dca-981c-f2be2e7ba8c2',NULL,NULL),(1136056,1000101,'Mother\'s names','en',1,1,'2017-04-03 20:02:44','FULLY_SPECIFIED',0,NULL,NULL,NULL,'6659e65b-4526-4328-b52c-c537b1fd26f9',NULL,NULL),(1136057,1000102,'HEALTH FACILITY DISTRICT','en',1,1,'2017-04-03 20:11:04','FULLY_SPECIFIED',0,NULL,NULL,NULL,'2ce1919c-ba39-4b47-8b98-a6fa448b0f2d',NULL,NULL),(1136058,1000103,'Other Key Population Specify','en',1,1,'2017-04-04 15:03:44','FULLY_SPECIFIED',0,NULL,NULL,NULL,'5b394d35-0c0c-421b-bf75-497f831f7fc0',NULL,NULL),(1136059,1000060,'OTHER CONTRACEPTIVES','en',1,1,'2017-04-04 21:25:49','FULLY_SPECIFIED',0,NULL,NULL,NULL,'b157fcbd-d624-441a-b5ee-febd8cf5d70d',NULL,NULL),(1136060,1000104,'DIRECT COUNSELLING SERVICES PROVIDED','en',1,1,'2017-04-04 22:28:24','FULLY_SPECIFIED',0,NULL,NULL,NULL,'df8975cb-878e-4566-8c15-afdc0a83922c',NULL,NULL),(1136061,1000105,'DIRECT SERVICES PROVIDED','en',1,1,'2017-04-04 22:30:24','FULLY_SPECIFIED',0,NULL,NULL,NULL,'75dead7f-34bb-4708-acdf-1286273bccb0',NULL,NULL),(1136062,1000106,'Other Male','en',1,1,'2017-04-17 12:24:24','FULLY_SPECIFIED',0,NULL,NULL,NULL,'f8838bf6-ce97-46b6-b2d3-dcc926b831f6',NULL,NULL),(1136063,1000107,'Other Female','en',1,1,'2017-04-17 12:24:44','FULLY_SPECIFIED',0,NULL,NULL,NULL,'2a2e9281-3175-4975-af5d-7ef7fdbb245f',NULL,NULL),(1136064,1000108,'Spontaneous reason given for consultation','en',1,1,'2017-04-17 13:10:13','FULLY_SPECIFIED',0,NULL,NULL,NULL,'1ee64a7f-2d14-47d8-980c-12189004862b',NULL,NULL),(1136065,1000109,'HIV Screening','en',1,1,'2017-04-17 13:10:49','FULLY_SPECIFIED',0,NULL,NULL,NULL,'06c040e3-abb7-47b6-b4dd-447fd14f0201',NULL,NULL),(1136066,1000110,'Taking ARVs','en',1,1,'2017-04-17 13:11:10','FULLY_SPECIFIED',0,NULL,NULL,NULL,'54d5c7be-2bb6-4c9f-834e-cbdd09caf7f1',NULL,NULL),(1136067,1000111,'Systematic Consultation','en',1,1,'2017-04-17 13:11:35','FULLY_SPECIFIED',0,NULL,NULL,NULL,'6cdcda02-5219-43fb-89dc-413e05b1291e',NULL,NULL),(1136068,1000112,'Proctologi problem reported spontaneously','en',0,1,'2017-04-17 13:12:33',NULL,1,1,'2017-04-17 13:12:42','Deleted due to change of name','3ae4c208-62aa-4949-9abc-747228406bf8',NULL,NULL),(1136069,1000112,'Proctologic problem reported spontaneously','en',1,1,'2017-04-17 13:12:42','FULLY_SPECIFIED',0,NULL,NULL,NULL,'5344c96d-425a-4309-af14-3d96f92d2966',NULL,NULL),(1136070,1000113,'HIV infection monitoring','en',1,1,'2017-04-17 13:13:05','FULLY_SPECIFIED',0,NULL,NULL,NULL,'1f5708e7-baa0-4bbd-aa10-861a3060e145',NULL,NULL),(1136071,1000114,'Without ARVs','en',1,1,'2017-04-17 13:13:19','FULLY_SPECIFIED',0,NULL,NULL,NULL,'5bec7e82-703f-4057-a853-e9196a15e943',NULL,NULL),(1136072,1000115,'Other spontaneous reason for consultation','en',1,1,'2017-04-17 13:14:00','FULLY_SPECIFIED',0,NULL,NULL,NULL,'8a73afea-2f6e-4cf2-93a6-4ac82910665c',NULL,NULL),(1136073,1000116,'STI other than HIV and condyloma','en',1,1,'2017-04-17 13:15:15','FULLY_SPECIFIED',0,NULL,NULL,NULL,'3a4727ef-0c06-41e5-8668-3fc526b84d5c',NULL,NULL),(1136074,1000117,'Neurological','en',1,1,'2017-04-17 13:17:00','FULLY_SPECIFIED',0,NULL,NULL,NULL,'b2aabe6b-13c5-4ba9-9804-5117cd659b49',NULL,NULL),(1136075,1000118,'Gynecological','en',1,1,'2017-04-17 13:17:35','FULLY_SPECIFIED',0,NULL,NULL,NULL,'8863fb6b-9830-4c42-b60f-edd963c3e4d1',NULL,NULL),(1136076,1000119,'Antenatal','en',1,1,'2017-04-17 13:17:54','FULLY_SPECIFIED',0,NULL,NULL,NULL,'acd08e7c-9067-4678-8b9e-078b834c4510',NULL,NULL),(1136077,1000120,'Ophthalmology','en',1,1,'2017-04-17 13:18:29','FULLY_SPECIFIED',0,NULL,NULL,NULL,'c5a11875-12ca-447e-ba4e-5c4703d73160',NULL,NULL),(1136078,1000121,'Stomatology','en',1,1,'2017-04-17 13:18:48','FULLY_SPECIFIED',0,NULL,NULL,NULL,'3e39589a-d39b-44f3-9f2a-5414c1a11c1f',NULL,NULL),(1136079,1000122,'Cardiovascular','en',1,1,'2017-04-17 13:19:18','FULLY_SPECIFIED',0,NULL,NULL,NULL,'52f4ce68-b1de-446c-a937-ab496f33c48d',NULL,NULL),(1136080,1000123,'Rheumatological','en',1,1,'2017-04-17 13:19:42','FULLY_SPECIFIED',0,NULL,NULL,NULL,'2b342165-9bd8-4048-bfa7-5262f85aa7b6',NULL,NULL),(1136081,1000124,'Acute Respiratory Disease','en',1,1,'2017-04-17 15:54:11','FULLY_SPECIFIED',0,NULL,NULL,NULL,'54442b74-d0b7-40a1-a3e2-a82f0a87b7d0',NULL,NULL),(1136082,1000125,'Patient has proctologic problem','en',1,1,'2017-04-17 16:05:56','FULLY_SPECIFIED',0,NULL,NULL,NULL,'4467de9c-3689-4c3f-a294-abe43c03f929',NULL,NULL),(1136083,1000126,'Current proctologic symptoms','en',1,1,'2017-04-17 16:21:15','FULLY_SPECIFIED',0,NULL,NULL,NULL,'1dff8fec-41b0-4f55-a882-2ed18d68f5cd',NULL,NULL),(1136084,1000127,'Pain','en',1,1,'2017-04-17 16:21:51','FULLY_SPECIFIED',0,NULL,NULL,NULL,'0f8c7cad-bc7f-4c75-9ffa-dc117823106f',NULL,NULL),(1136085,1000128,'Anal lump','en',1,1,'2017-04-17 16:22:09','FULLY_SPECIFIED',0,NULL,NULL,NULL,'a3f2206f-9707-4b64-bf49-962db1fc2862',NULL,NULL),(1136086,1000129,'Anal pruritus','en',1,1,'2017-04-17 16:22:28','FULLY_SPECIFIED',0,NULL,NULL,NULL,'53deac5b-b4fd-442c-9893-a98418982942',NULL,NULL),(1136087,1000130,'Uncontroled anal leakage','en',1,1,'2017-04-17 16:22:47','FULLY_SPECIFIED',0,NULL,NULL,NULL,'e0e03470-cf72-4e71-b782-11134ea5aef0',NULL,NULL),(1136088,1000131,'Protoctologic diagnoses','en',0,1,'2017-04-17 16:27:19',NULL,1,1,'2017-04-17 16:47:40','Deleted due to change of name','d28f27aa-5052-4336-8c70-7ea741ab5914',NULL,NULL),(1136089,1000132,'VAS measure of patient\'s discomfort due anal condition','en',0,1,'2017-04-17 16:45:14',NULL,1,1,'2017-04-17 16:45:34','Deleted due to change of name','2be6801f-487a-4930-8565-c5e0a61c347f',NULL,NULL),(1136090,1000132,'VAS measure of patient&#39;s discomfort due anal condition','en',0,1,'2017-04-17 16:45:34',NULL,1,1,'2017-04-17 16:46:04','Deleted due to change of name','e100c7d1-e694-4512-9884-bf514a6774f9',NULL,NULL),(1136091,1000132,'VAS measure of patients discomfort due anal condition','en',1,1,'2017-04-17 16:46:04','FULLY_SPECIFIED',0,NULL,NULL,NULL,'d906b59e-bd7c-4ad7-853c-8edaadb38e17',NULL,NULL),(1136092,1000131,'Proctologic diagnoses','en',1,1,'2017-04-17 16:47:40','FULLY_SPECIFIED',0,NULL,NULL,NULL,'e4d6129a-eb65-451a-9e5e-1a3f97f8dcb3',NULL,NULL),(1136093,1000133,'Anal fissure','en',1,1,'2017-04-17 16:48:47','FULLY_SPECIFIED',0,NULL,NULL,NULL,'e4d9f238-7c07-4cd2-ab69-9561756c0e2d',NULL,NULL),(1136094,1000134,'Abscess and/or anal fistual','en',1,1,'2017-04-17 16:49:13','FULLY_SPECIFIED',0,NULL,NULL,NULL,'3fd19893-b2df-444d-9bb7-191986d14b91',NULL,NULL),(1136095,1000135,'skin Condition','en',1,1,'2017-04-17 16:49:32','FULLY_SPECIFIED',0,NULL,NULL,NULL,'bbf207f6-569a-4ae8-a084-139d08657a18',NULL,NULL),(1136096,1000136,'Functional ano-rectal disorder','en',1,1,'2017-04-17 16:49:52','FULLY_SPECIFIED',0,NULL,NULL,NULL,'a2afa673-3572-4067-a9bf-60da5b567911',NULL,NULL),(1136097,1000137,'Tumour pathology','en',1,1,'2017-04-17 16:50:07','FULLY_SPECIFIED',0,NULL,NULL,NULL,'aab6e625-451f-4b70-84df-8105da0d7556',NULL,NULL),(1136098,1000138,'Other proctologic lesion','en',1,1,'2017-04-17 16:50:58','FULLY_SPECIFIED',0,NULL,NULL,NULL,'e7630618-61d9-4a51-b1c9-dab1ac015c74',NULL,NULL),(1136099,1000139,'Ano-rectal STI','en',1,1,'2017-04-17 16:51:27','FULLY_SPECIFIED',0,NULL,NULL,NULL,'34e2e350-5ab4-4b26-8088-b913d68f40e9',NULL,NULL),(1136100,1000140,'Perianalcondyloma','en',1,1,'2017-04-17 16:51:59','FULLY_SPECIFIED',0,NULL,NULL,NULL,'622422f1-821e-4556-b315-0aad089f5fc4',NULL,NULL),(1136101,1000141,'Intraductalcondyloma','en',1,1,'2017-04-17 16:52:29','FULLY_SPECIFIED',0,NULL,NULL,NULL,'f3289de6-83cb-412a-9157-6ff4676f6fcb',NULL,NULL),(1136102,1000142,'Other ano-rectal STI','en',1,1,'2017-04-17 16:53:04','FULLY_SPECIFIED',0,NULL,NULL,NULL,'80965073-0d21-4164-b167-bb02193a508f',NULL,NULL),(1136103,1000143,'Treatment/Care offered','en',1,1,'2017-04-17 17:04:22','FULLY_SPECIFIED',0,NULL,NULL,NULL,'fea898ae-974b-4876-9f16-9007f5240b89',NULL,NULL),(1136104,1000144,'Medical Treatment','en',1,1,'2017-04-17 17:04:39','FULLY_SPECIFIED',0,NULL,NULL,NULL,'c56e1c4a-4947-4952-83e6-1c192a5050dd',NULL,NULL),(1136105,1000145,'Remote clinical monitoring','en',1,1,'2017-04-17 17:04:58','FULLY_SPECIFIED',0,NULL,NULL,NULL,'11ffafbe-ad03-4c69-a8e0-1c95a4a00e40',NULL,NULL),(1136106,1000146,'Electrosurgery','en',1,1,'2017-04-17 17:05:14','FULLY_SPECIFIED',0,NULL,NULL,NULL,'a536e2d3-b539-43e7-9604-d4ae079e5cfd',NULL,NULL),(1136107,1000147,'Referred to another specialist','en',0,1,'2017-04-17 17:05:41',NULL,1,1,'2017-04-17 17:07:14','Deleted due to change of name','ee5ee80a-a890-41aa-a715-1b850ae4be38',NULL,NULL),(1136108,1000147,'Referral to another specialist','en',1,1,'2017-04-17 17:07:14','FULLY_SPECIFIED',0,NULL,NULL,NULL,'04070b58-5fa4-4ed3-9942-1646bfc6a3ad',NULL,NULL),(1136109,1000148,'Treatment/Care offered by referred specialist','en',1,1,'2017-04-17 17:13:46','FULLY_SPECIFIED',0,NULL,NULL,NULL,'19078860-3c5d-4345-ba2c-67c4a184f56c',NULL,NULL),(1136110,1000149,'Monitoring','en',1,1,'2017-04-17 17:14:44','FULLY_SPECIFIED',0,NULL,NULL,NULL,'2ecaa824-6461-4969-8dc6-5aef83c7349e',NULL,NULL),(1136111,1000150,'Surgery','en',1,1,'2017-04-17 17:14:55','FULLY_SPECIFIED',0,NULL,NULL,NULL,'308eac03-1027-49fe-90aa-ed6e0d1dcf44',NULL,NULL),(1136112,1000151,'Other Common names known by community','en',1,1,'2017-04-17 17:43:03','FULLY_SPECIFIED',0,NULL,NULL,NULL,'a158d660-442d-4f18-9e93-b87695f1c01b',NULL,NULL),(1136113,1000152,'Client Willing to be enrolled for Treatment','en',1,1,'2017-04-17 17:50:52','FULLY_SPECIFIED',0,NULL,NULL,NULL,'d2030b9b-2608-4ad2-802e-6e00a5640a66',NULL,NULL),(1136114,1000153,'Already on Treatment','en',1,1,'2017-04-17 17:58:51','FULLY_SPECIFIED',0,NULL,NULL,NULL,'cbd94303-ae80-4429-a1f0-d9064bb46a36',NULL,NULL),(1136115,1000154,'Health Facility Client receiving treatment from','en',1,1,'2017-04-17 17:59:55','FULLY_SPECIFIED',0,NULL,NULL,NULL,'83b5fba5-dfe4-40bd-9c6a-9c9bd8d31cc2',NULL,NULL),(1136116,1000155,'Distance from Health Facility','en',1,1,'2017-04-17 18:00:21','FULLY_SPECIFIED',0,NULL,NULL,NULL,'89ea02f6-f738-41e5-8595-283f31104c47',NULL,NULL),(1136117,1000156,'Not ready to start treatment','en',1,1,'2017-04-17 18:00:51','FULLY_SPECIFIED',0,NULL,NULL,NULL,'0875b799-cb46-4f40-a557-1821ccd302be',NULL,NULL),(1136118,1000157,'Other reason for not being enrolled on treatment','en',1,1,'2017-04-17 18:01:20','FULLY_SPECIFIED',0,NULL,NULL,NULL,'591b7c41-ed1a-4bcc-89af-ac84e33454d0',NULL,NULL),(1136119,1000158,'Nearest Health Center Providing HIV services','en',1,1,'2017-04-17 18:02:00','FULLY_SPECIFIED',0,NULL,NULL,NULL,'42681ff3-0a68-406d-a8a4-1b17bd9b3d58',NULL,NULL),(1136120,1000159,'Client willing to be referred to near by Health Center','en',1,1,'2017-04-17 18:02:52','FULLY_SPECIFIED',0,NULL,NULL,NULL,'367a7893-0e65-4e8b-86b5-bc9dfe4da810',NULL,NULL),(1136121,1000160,'Reason client not ready to be enrolled for treatment','en',0,1,'2017-04-17 18:05:25',NULL,1,1,'2017-04-17 18:10:44','Deleted due to change of name','49bafdf8-82dc-4d25-9831-70e90c57e0bf',NULL,NULL),(1136122,1000161,'First follow up Date for client not enrolled or linked in care','en',1,1,'2017-04-17 18:07:17','FULLY_SPECIFIED',0,NULL,NULL,NULL,'a086639a-57ee-4118-a676-cb3ee002d126',NULL,NULL),(1136123,1000162,'Second follow up Date for client not enrolled or linked in care','en',1,1,'2017-04-17 18:07:36','FULLY_SPECIFIED',0,NULL,NULL,NULL,'6d0be18d-eeb2-4b44-8814-03492e914213',NULL,NULL),(1136124,1000163,'First follow up remarks for client not enrolled or linked to care','en',1,1,'2017-04-17 18:08:11','FULLY_SPECIFIED',0,NULL,NULL,NULL,'158ac368-3d10-4448-9333-9820b862b79c',NULL,NULL),(1136125,1000164,'Second follow up remarks for client not enrolled or linked to care','en',1,1,'2017-04-17 18:08:30','FULLY_SPECIFIED',0,NULL,NULL,NULL,'57f58da7-76f6-4f43-a6cf-6ff0622df704',NULL,NULL),(1136126,1000165,'Key Landmarks and Map to locate home of client','en',1,1,'2017-04-17 18:09:15','FULLY_SPECIFIED',0,NULL,NULL,NULL,'c3c49d65-81e2-4fef-b473-fc669684a241',NULL,NULL),(1136127,1000160,'Reason client not willing to be enrolled for treatment','en',1,1,'2017-04-17 18:10:44','FULLY_SPECIFIED',0,NULL,NULL,NULL,'795be722-9896-4435-9d78-4c2108521dcf',NULL,NULL),(1136128,1000166,'Observation/Comment from the counselor/clinician','en',1,1,'2017-04-17 18:33:00','FULLY_SPECIFIED',0,NULL,NULL,NULL,'11b32f61-7572-4c2c-af80-a752e915d9b2',NULL,NULL),(1136129,1000167,'PARITY','en',1,1,'2017-04-20 15:18:33','FULLY_SPECIFIED',0,NULL,NULL,NULL,'b856375d-fab8-42ec-8604-6f77511e0bb9',NULL,NULL),(1136130,1000167,'PARA','en',0,1,'2017-04-20 15:18:33','SHORT',0,NULL,NULL,NULL,'6e7fa2ed-e430-48d0-bdbb-9db9ee45ba95',NULL,NULL),(1136131,1000168,'Previous Screening of Cervical Cancer','en',1,1,'2017-04-20 15:19:40','FULLY_SPECIFIED',0,NULL,NULL,NULL,'1d3ba3ac-22ca-41f3-8058-ba746dd344b4',NULL,NULL),(1136132,1000169,'Date Previously Screen for Cervical Cancer','en',1,1,'2017-04-20 15:20:32','FULLY_SPECIFIED',0,NULL,NULL,NULL,'f3353f8f-e43a-40a8-9873-9795cef7ddc7',NULL,NULL),(1136133,1000170,'Reason for Cervical Cancer Screening','en',1,1,'2017-04-20 15:21:08','FULLY_SPECIFIED',0,NULL,NULL,NULL,'c91ccfcf-b141-4a64-8811-91efccd1d0d3',NULL,NULL),(1136134,1000171,'Current Cervical Cancer results','en',1,1,'2017-04-20 15:38:21','FULLY_SPECIFIED',0,NULL,NULL,NULL,'eebac6fb-380c-40ec-af12-6f25e408d0f1',NULL,NULL),(1136135,1000172,'Highly Suspicious','en',1,1,'2017-04-20 15:38:43','FULLY_SPECIFIED',0,NULL,NULL,NULL,'9840f72c-a40c-419f-9c71-ea7c42bd617c',NULL,NULL),(1136136,1000173,'Invassive','en',1,1,'2017-04-20 15:39:00','FULLY_SPECIFIED',0,NULL,NULL,NULL,'1a0561f3-c8e2-4829-ad99-74c9d94936a9',NULL,NULL),(1136137,1000174,'Status of Cervix','en',1,1,'2017-04-20 15:44:07','FULLY_SPECIFIED',0,NULL,NULL,NULL,'89d7d07e-598f-42e8-8b89-7d24e15d0625',NULL,NULL),(1136138,1000175,'Comments','en',1,1,'2017-04-20 15:45:30','FULLY_SPECIFIED',0,NULL,NULL,NULL,'ed31b0e9-0d39-4b1f-aa06-d64f167bb6e7',NULL,NULL),(1136139,1000176,'Point of Testing','en',1,41,'2017-07-21 11:13:40','FULLY_SPECIFIED',0,NULL,NULL,NULL,'5bc98fbe-7661-4f58-bcaa-64a0ee6a1fac',NULL,NULL),(1136140,1000176,'POT','en',0,41,'2017-07-21 11:13:40','SHORT',0,NULL,NULL,NULL,'3dbc3608-0565-4940-a6fe-86e5ff3d1c0c',NULL,NULL),(1136141,1000177,'NAGULU CLINIC','en',1,41,'2017-10-03 16:57:43','FULLY_SPECIFIED',0,NULL,NULL,NULL,'b55bb665-ed57-494c-a8ac-a75449544e6c',NULL,NULL),(1136142,1000177,'NAGULU CLINIC','en',0,41,'2017-10-03 16:57:43','SHORT',0,NULL,NULL,NULL,'9e9cee6e-39a0-457d-8651-21473451cb4b',NULL,NULL),(1136143,1000178,'REACH OUT MBUYA','en',0,41,'2017-10-03 17:00:31','SHORT',0,NULL,NULL,NULL,'19d6ad87-1505-4dcf-ace0-03704ff4bfbf',NULL,NULL),(1136144,1000178,'REACH OUT MBUYA','en',1,41,'2017-10-03 17:00:31','FULLY_SPECIFIED',0,NULL,NULL,NULL,'7ad54321-ab33-4cdf-a8c6-af3959be1915',NULL,NULL),(1136145,1000179,'REACH OUT LUZIRA','en',1,41,'2017-10-03 17:01:20','FULLY_SPECIFIED',0,NULL,NULL,NULL,'9a169f8e-4772-4fa3-aeca-2fdaddcaf0c1',NULL,NULL),(1136146,1000179,'REACH OUT LUZIRA','en',0,41,'2017-10-03 17:01:20','SHORT',0,NULL,NULL,NULL,'eb722c45-a079-451f-b25a-b5d92ecf67b2',NULL,NULL),(1136147,1000180,'REACH OUT BANDA','en',0,41,'2017-10-03 17:02:11','SHORT',0,NULL,NULL,NULL,'03d0f123-677a-4ae4-ab7c-078bd1a8b8b7',NULL,NULL),(1136148,1000180,'REACH OUT BANDA','en',1,41,'2017-10-03 17:02:11','FULLY_SPECIFIED',0,NULL,NULL,NULL,'10a04e37-4cf9-4ed5-9f00-bf07c084955e',NULL,NULL),(1136149,1000181,'HOME CARE KANYANYA','en',1,41,'2017-10-03 17:04:19','FULLY_SPECIFIED',0,NULL,NULL,NULL,'27026eec-f8d3-44e9-b27c-6291a01bfd61',NULL,NULL),(1136150,1000181,'HOME CARE KANYANYA','en',0,41,'2017-10-03 17:04:19','SHORT',0,NULL,NULL,NULL,'30446e8d-f9f2-4cd9-a916-b74e9fee27dc',NULL,NULL),(1136151,1000182,'KAWEMPE KCCA','en',0,41,'2017-10-03 17:06:20','SHORT',0,NULL,NULL,NULL,'f747654e-f5b8-4a38-8bbd-52413c0f5df5',NULL,NULL),(1136152,1000182,'KAWEMPE KCCA','en',1,41,'2017-10-03 17:06:20','FULLY_SPECIFIED',0,NULL,NULL,NULL,'e4765a1e-beb9-49aa-a536-0119239a2e82',NULL,NULL),(1136153,1000183,'RUBAGA HOSPITAL','en',0,41,'2017-10-03 17:07:41','SHORT',0,NULL,NULL,NULL,'6bec4806-1d07-4fd2-bf18-15ff1de50522',NULL,NULL),(1136154,1000183,'RUBAGA HOSPITAL','en',1,41,'2017-10-03 17:07:41','FULLY_SPECIFIED',0,NULL,NULL,NULL,'0152a91b-ff1d-49f8-bb7d-c55268dc79eb',NULL,NULL),(1136155,1000184,'NSAMBYA HOME CARE','en',1,41,'2017-10-03 17:08:50','FULLY_SPECIFIED',0,NULL,NULL,NULL,'5affab2b-e9bf-4c38-a80b-d77dc536e147',NULL,NULL),(1136156,1000184,'NSAMBYA HOME CARE','en',0,41,'2017-10-03 17:08:50','SHORT',0,NULL,NULL,NULL,'dd46dfc6-5e08-438e-a65a-858898511efa',NULL,NULL),(1136157,1000185,'IDI MULAGO','en',0,41,'2017-10-03 17:09:45','SHORT',0,NULL,NULL,NULL,'3b807b32-e62c-4109-88fc-267fcdff5011',NULL,NULL),(1136158,1000185,'IDI MULAGO','en',1,41,'2017-10-03 17:09:45','FULLY_SPECIFIED',0,NULL,NULL,NULL,'03bb937c-5442-4d54-8348-c7857a738270',NULL,NULL),(1136159,1000186,'KISWA HEALTH CENTRE','en',1,41,'2017-10-03 17:10:58','FULLY_SPECIFIED',0,NULL,NULL,NULL,'0ccf9591-c515-4cf5-b350-654e59146e24',NULL,NULL),(1136160,1000186,'KISWA HEALTH CENTRE','en',0,41,'2017-10-03 17:10:58','SHORT',0,NULL,NULL,NULL,'cd59dc59-c916-491f-92e5-e7b9ce0c35c5',NULL,NULL),(1136161,1000187,'AIC','en',0,41,'2017-10-03 17:11:58','SHORT',0,NULL,NULL,NULL,'2e006775-32d9-4a11-8f88-8560b16cd08f',NULL,NULL),(1136162,1000187,'AIDS INFORMATION CENTER','en',1,41,'2017-10-03 17:11:58','FULLY_SPECIFIED',0,NULL,NULL,NULL,'66817224-8c5b-44ba-bd0d-f88ea9ca9742',NULL,NULL),(1136163,1000188,'MRC-KISENYI MENGO','en',0,41,'2017-10-03 17:13:07','SHORT',0,NULL,NULL,NULL,'7060d804-8587-43fd-961a-73bd19eb85cd',NULL,NULL),(1136164,1000188,'MRC-KISENYI MENGO','en',1,41,'2017-10-03 17:13:07','FULLY_SPECIFIED',0,NULL,NULL,NULL,'893f70aa-3fdb-4acc-b7ae-f1d8de6001b7',NULL,NULL),(1136165,1000189,'MAKINDYE BARACKS H/C','en',0,41,'2017-10-03 17:14:17','SHORT',0,NULL,NULL,NULL,'12e4448d-9c40-473d-8b76-3b18510b76dc',NULL,NULL),(1136166,1000189,'MAKINDYE BARACKS H/C','en',1,41,'2017-10-03 17:14:17','FULLY_SPECIFIED',0,NULL,NULL,NULL,'672db901-766c-4974-9c2f-97f030e4dd27',NULL,NULL),(1136167,1000190,'CHERISH III HEALTH CENTRE','en',1,41,'2017-10-03 17:16:33','FULLY_SPECIFIED',0,NULL,NULL,NULL,'efe61943-9edb-4b34-8b8b-7cfe62a7f5fd',NULL,NULL),(1136168,1000190,'CHERISH III H/C','en',0,41,'2017-10-03 17:16:33','SHORT',0,NULL,NULL,NULL,'9c6595dd-cb86-4429-85f8-e725995cbdf6',NULL,NULL),(1136169,1000191,'NABWERU H/C IV','en',0,41,'2017-10-03 17:22:54','SHORT',0,NULL,NULL,NULL,'06e91272-3da7-4097-bdd6-8fae267e70c8',NULL,NULL),(1136170,1000191,'NABWERU HEALTH CENTRE IV','en',1,41,'2017-10-03 17:22:54','FULLY_SPECIFIED',0,NULL,NULL,NULL,'b3ae7cd2-c3ad-4435-8df1-c7deb7d7d3b4',NULL,NULL),(1136171,1000192,'UMAYA KIIRA H/C','en',0,41,'2017-10-03 17:26:31','SHORT',0,NULL,NULL,NULL,'3d9b8d55-ab73-4a42-8980-9252a2486bfd',NULL,NULL),(1136172,1000192,'UMAYA KIIRA H/C','en',1,41,'2017-10-03 17:26:31','FULLY_SPECIFIED',0,NULL,NULL,NULL,'95130dd2-ec2e-45b1-9b04-3d48685bf7e9',NULL,NULL),(1136173,1000193,'KIIRA H/C III','en',0,41,'2017-10-03 17:27:46','SHORT',0,NULL,NULL,NULL,'dd890aaa-c1c0-4cf3-ac08-228721cbdb5b',NULL,NULL),(1136174,1000193,'KIIRA HEALTH CENTRE III','en',1,41,'2017-10-03 17:27:46','FULLY_SPECIFIED',0,NULL,NULL,NULL,'58b69266-41b6-48e1-81b7-072cc6f3dfd3',NULL,NULL),(1136175,1000194,'BAYLOR UGANDA','en',1,41,'2017-10-03 17:28:46','FULLY_SPECIFIED',0,NULL,NULL,NULL,'0be6fa6d-69b9-479e-9ed6-79c9c379b1d2',NULL,NULL),(1136176,1000194,'BAYLOR UGANDA','en',0,41,'2017-10-03 17:28:46','SHORT',0,NULL,NULL,NULL,'0086450d-5eca-411f-9055-e9346ea72aaa',NULL,NULL),(1136177,1000195,'NAMUWONGO ALIVE','en',0,41,'2017-10-03 17:31:27','SHORT',0,NULL,NULL,NULL,'fe61c94f-b019-476a-ad56-a2e35d96f3c7',NULL,NULL),(1136178,1000195,'NAMUWONGO ALIVE','en',1,41,'2017-10-03 17:31:27','FULLY_SPECIFIED',0,NULL,NULL,NULL,'dbd9614c-6818-4208-80a9-3d0bcae889a2',NULL,NULL),(1136179,1000196,'KOMAMBOGA HEALTH CENTRE III','en',1,41,'2017-10-03 17:32:44','FULLY_SPECIFIED',0,NULL,NULL,NULL,'f95b745d-8e57-416b-9ea0-7f88098f6fbe',NULL,NULL),(1136180,1000196,'KOMAMBOGA H/C III','en',0,41,'2017-10-03 17:32:44','SHORT',0,NULL,NULL,NULL,'0a9077ee-f9ab-4a7f-b643-7e19178d087a',NULL,NULL),(1136181,1000197,'MUJHU MULAGO','en',0,41,'2017-10-03 17:33:33','SHORT',0,NULL,NULL,NULL,'6856fcb4-62d9-42be-afb0-d8d839be875e',NULL,NULL),(1136182,1000197,'MUJHU MULAGO','en',1,41,'2017-10-03 17:33:33','FULLY_SPECIFIED',0,NULL,NULL,NULL,'d69b0426-5afa-4142-b960-23fa61565074',NULL,NULL),(1136183,1000198,'KISUGU HEALTH CENTRE','en',1,41,'2017-10-03 17:36:21','FULLY_SPECIFIED',0,NULL,NULL,NULL,'1ea2f190-f24d-4576-97da-292411fb4a05',NULL,NULL),(1136184,1000198,'KISUGU HEALTH CENTRE','en',0,41,'2017-10-03 17:36:21','SHORT',0,NULL,NULL,NULL,'55464448-f494-4c8c-84c6-3248885f2f32',NULL,NULL),(1136185,1000199,'ENTEBBE GRADE A','en',0,41,'2017-10-03 17:37:17','SHORT',0,NULL,NULL,NULL,'aee58d08-2a23-496b-97fd-811e4071225c',NULL,NULL),(1136186,1000199,'ENTEBBE GRADE A','en',1,41,'2017-10-03 17:37:17','FULLY_SPECIFIED',0,NULL,NULL,NULL,'c39e478a-187c-4b9c-87e1-c61519be573d',NULL,NULL),(1136187,1000200,'ENTEBBE GRADE B','en',1,41,'2017-10-03 17:37:38','FULLY_SPECIFIED',0,NULL,NULL,NULL,'e71f8a7a-6dd6-4d28-bb6b-bfe6189654f2',NULL,NULL),(1136188,1000200,'ENTEBBE GRADE B','en',0,41,'2017-10-03 17:37:38','SHORT',0,NULL,NULL,NULL,'e24649f1-96d4-4fb0-83b6-193e76eea775',NULL,NULL),(1136189,1000201,'HOPE CLINIC NAGANDA','en',0,41,'2017-10-03 17:47:22','SHORT',0,NULL,NULL,NULL,'6f9cc819-08c1-4ef1-853c-54cfe786c66e',NULL,NULL),(1136190,1000201,'HOPE CLINIC NAGANDA','en',1,41,'2017-10-03 17:47:22','FULLY_SPECIFIED',0,NULL,NULL,NULL,'d6a706c0-720a-47f8-85c5-d801a9b39468',NULL,NULL),(1136191,1000202,'KAMWOKYA COMMUNITY CENTRE','en',0,41,'2017-10-03 17:49:04','SHORT',0,NULL,NULL,NULL,'0b975fa3-11d6-4659-9a74-ac19a8481584',NULL,NULL),(1136192,1000202,'KAMWOKYA COMMUNITY CENTRE','en',1,41,'2017-10-03 17:49:04','FULLY_SPECIFIED',0,NULL,NULL,NULL,'9397aac3-25f4-41ba-b01e-4fb570b63c35',NULL,NULL),(1136193,1000203,'Bar Girl/Attendant','en',1,41,'2017-10-03 18:55:16','FULLY_SPECIFIED',0,NULL,NULL,NULL,'e64af0c5-003c-4cde-8f0a-be17cec0a14d',NULL,NULL),(1136194,1000203,'Bar Girl/Attendant','en',0,41,'2017-10-03 18:55:16','SHORT',0,NULL,NULL,NULL,'f3ceeb1c-eac7-4c9b-b740-08bfa9cbb2ac',NULL,NULL),(1136195,1000204,'Call/Con Girl','en',1,41,'2017-10-03 18:56:57','FULLY_SPECIFIED',0,NULL,NULL,NULL,'23efeef3-773e-47b1-a128-5c19a975ee18',NULL,NULL),(1136196,1000204,'Call/Con Girl','en',0,41,'2017-10-03 18:56:57','SHORT',0,NULL,NULL,NULL,'392e28e5-6368-4252-8e33-5218360ad8ab',NULL,NULL),(1136197,1000205,'Entertainment Centers','en',1,41,'2019-07-16 18:27:18','FULLY_SPECIFIED',0,NULL,NULL,NULL,'cafd5315-a669-4827-b6a5-6460acb2defe',NULL,NULL),(1136198,1000205,'Entertainment','en',0,41,'2019-07-16 18:27:18','SHORT',0,NULL,NULL,NULL,'3acb8e3d-c17d-4260-9116-e48042522cb3',NULL,NULL),(1136199,1000206,'Type of Kit Issued','en',1,1,'2021-02-13 12:10:06','FULLY_SPECIFIED',0,NULL,NULL,NULL,'c1f448af-bc8f-473d-843d-c0a35066c3d4',NULL,NULL),(1136200,1000207,'OralQuick','en',1,1,'2021-02-13 12:14:03','FULLY_SPECIFIED',0,NULL,NULL,NULL,'6f1b744b-2590-43a7-8568-a0bc718bd113',NULL,NULL),(1136201,1000208,'SureCheck','en',1,1,'2021-02-13 12:15:18','FULLY_SPECIFIED',0,NULL,NULL,NULL,'4bff499d-3351-4a9c-ba78-9bc7d1be4671',NULL,NULL),(1136202,1000209,'Insti','en',1,1,'2021-02-13 12:16:18','FULLY_SPECIFIED',0,NULL,NULL,NULL,'bb6bd74e-21dc-46c8-8ba1-82dee6b63472',NULL,NULL),(1136203,1000210,'Mylan','en',1,1,'2021-02-13 12:16:55','FULLY_SPECIFIED',0,NULL,NULL,NULL,'1fbde9c9-ab95-4793-874d-9902fa3592ba',NULL,NULL),(1136204,1000211,'Community Distribution','en',1,1,'2021-02-13 12:22:49','FULLY_SPECIFIED',0,NULL,NULL,NULL,'0dd3d1c8-d18c-408d-90a2-d1c6f9116f7a',NULL,NULL),(1136205,1000212,'Hotspot','en',1,1,'2021-02-13 12:26:56','FULLY_SPECIFIED',0,NULL,NULL,NULL,'621799ca-870b-483d-b0cd-d61ef89e7770',NULL,NULL),(1136206,1000213,'Training Institutions','en',1,1,'2021-02-13 12:28:13','FULLY_SPECIFIED',0,NULL,NULL,NULL,'82516d9f-35ea-47e3-a8d9-37b361d0acaf',NULL,NULL),(1136207,1000214,'Drop in Center','en',1,1,'2021-02-13 12:30:39','FULLY_SPECIFIED',0,NULL,NULL,NULL,'4441783f-a260-40c1-bf10-5aa011377912',NULL,NULL),(1136208,1000215,'Door to Door','en',1,1,'2021-02-13 12:37:58','FULLY_SPECIFIED',0,NULL,NULL,NULL,'9e1591a8-035c-4246-b205-35b34663f560',NULL,NULL),(1136209,1000216,'Sports Bating','en',1,1,'2021-02-13 12:39:05','FULLY_SPECIFIED',0,NULL,NULL,NULL,'5a3e29db-d3a4-4d1d-9e44-a823d3d347a1',NULL,NULL),(1136210,1000217,'PWUID','en',1,1,'2021-02-13 13:01:59','FULLY_SPECIFIED',0,NULL,NULL,NULL,'a1e8ed6a-160e-420a-b500-9b5342e098a1',NULL,NULL),(1136211,1000218,'In prison','en',0,1,'2021-02-13 13:02:50','SHORT',0,NULL,NULL,NULL,'c5aa7a91-3f3e-4f54-951d-f56f09d0fcf8',NULL,NULL),(1136212,1000218,'Incaserated','en',1,1,'2021-02-13 13:02:50','FULLY_SPECIFIED',0,NULL,NULL,NULL,'7308292c-cabe-4df5-9b58-d9a3f4dd7982',NULL,NULL),(1136213,1000219,'Priority Population','en',1,1,'2021-02-13 13:06:21','FULLY_SPECIFIED',0,NULL,NULL,NULL,'6688ce22-df15-4e99-b98a-ff6658884d30',NULL,NULL),(1136214,1000220,'PWUD','en',1,1,'2021-02-13 13:06:50','FULLY_SPECIFIED',0,NULL,NULL,NULL,'9b3d6fef-242c-48d1-b053-0befa0ed047c',NULL,NULL),(1136215,1000221,'Public health Facility Direct Distribution','en',1,1,'2021-02-13 13:18:50','FULLY_SPECIFIED',0,NULL,NULL,NULL,'a1bdf44d-b163-4efd-bd76-013aa91185d8',NULL,NULL),(1136216,1000222,'AGYW/M','en',0,1,'2021-02-13 13:20:18','SHORT',0,NULL,NULL,NULL,'11d9f69c-29cf-4039-b029-3bd0cbdf583b',NULL,NULL),(1136217,1000222,'Adult Girl Young Women and Men','en',1,1,'2021-02-13 13:20:23','FULLY_SPECIFIED',0,NULL,NULL,NULL,'b83f4f06-3968-4619-abe1-1a0a63599c2a',NULL,NULL),(1136218,1000223,'Lactating Women','en',1,1,'2021-02-13 13:21:45','FULLY_SPECIFIED',0,NULL,NULL,NULL,'41045f59-10da-46f5-979c-a9388b04fd8b',NULL,NULL),(1136219,1000224,'Men','en',1,1,'2021-02-13 13:26:40','FULLY_SPECIFIED',0,NULL,NULL,NULL,'50246568-872c-40d6-bba4-afa755f74b6a',NULL,NULL),(1136220,1000225,'Pregnant Women','en',1,1,'2021-02-13 13:27:14','FULLY_SPECIFIED',0,NULL,NULL,NULL,'b2dea48f-8cb8-4967-94fc-0e11005c7ac8',NULL,NULL),(1136221,1000226,'Private Sector','en',1,1,'2021-02-13 13:32:59','FULLY_SPECIFIED',0,NULL,NULL,NULL,'380b7943-5f2a-4f77-8afc-4f6ceafb9d1e',NULL,NULL),(1136222,1000227,'Pharmacy','en',1,1,'2021-02-13 13:38:36','FULLY_SPECIFIED',0,NULL,NULL,NULL,'766b84df-3c38-40a7-a043-33cc024a54c5',NULL,NULL),(1136223,1000228,'DrugShop','en',1,1,'2021-02-13 13:39:01','FULLY_SPECIFIED',0,NULL,NULL,NULL,'412c373e-0faa-4b75-a00c-574b374bf84d',NULL,NULL),(1136224,1000229,'Clinic','en',1,1,'2021-02-13 13:42:44','FULLY_SPECIFIED',0,NULL,NULL,NULL,'d2a35f34-d1ab-45ff-810d-d34e96096af6',NULL,NULL),(1136225,1000230,'Other Private Sector','en',1,1,'2021-02-13 13:44:05','FULLY_SPECIFIED',0,NULL,NULL,NULL,'2c3bc634-1bd8-4a76-8075-5d8012bff6ea',NULL,NULL),(1136226,1000231,'Vending machine','en',1,1,'2021-02-13 13:44:22','FULLY_SPECIFIED',0,NULL,NULL,NULL,'922a1a78-f8b6-471c-9f29-397b5d815a91',NULL,NULL),(1136227,1000232,'Online','en',1,1,'2021-02-13 13:44:41','FULLY_SPECIFIED',0,NULL,NULL,NULL,'73164c98-01f9-4315-b0a8-1e3c564b60ff',NULL,NULL),(1136228,1000233,'Types of HIVST','en',1,1,'2021-02-13 13:52:11','FULLY_SPECIFIED',0,NULL,NULL,NULL,'3dd3c409-82fa-448e-b346-77c6fc03b220',NULL,NULL),(1136229,1000234,'Directly Assisted','en',1,1,'2021-02-13 13:53:49','FULLY_SPECIFIED',0,NULL,NULL,NULL,'8b0b4619-0446-4463-a69c-cee9c24121d0',NULL,NULL),(1136230,1000235,'Unassisted','en',1,1,'2021-02-13 13:54:33','FULLY_SPECIFIED',0,NULL,NULL,NULL,'a85c76ab-7551-4b2f-96cd-6dc0a941467e',NULL,NULL),(1136231,1000236,'Number of Kits given out','en',1,1,'2021-02-13 13:56:19','FULLY_SPECIFIED',0,NULL,NULL,NULL,'1f579556-0e9b-415b-a4ae-ba5cf8c3922e',NULL,NULL),(1136232,1000237,'Test Kit distributed for use by','en',1,1,'2021-02-13 14:07:33','FULLY_SPECIFIED',0,NULL,NULL,NULL,'933ea448-7817-47ce-9266-4721f1c5d099',NULL,NULL),(1136233,1000238,'Sexual Partner (Negative Index)','en',1,1,'2021-02-13 14:10:40','FULLY_SPECIFIED',0,NULL,NULL,NULL,'da9c65ed-9510-4188-843f-2949f11ef065',NULL,NULL),(1136234,1000239,'Sexual Partner (Positive Index)','en',1,1,'2021-02-13 14:11:32','FULLY_SPECIFIED',0,NULL,NULL,NULL,'e94d5f88-fee3-4e99-92e1-deaef56bb86c',NULL,NULL),(1136235,1000240,'Social network','en',1,1,'2021-02-13 14:12:27','FULLY_SPECIFIED',0,NULL,NULL,NULL,'06d5108c-322c-47d0-8233-adaaa06871e5',NULL,NULL),(1136236,1000241,'Other use for Kit','en',1,1,'2021-02-13 14:13:15','FULLY_SPECIFIED',0,NULL,NULL,NULL,'023853c2-40cb-4f6b-8f7d-cd7fb189a23d',NULL,NULL),(1136237,1000242,'Age of other kit user','en',1,1,'2021-02-13 14:22:22','FULLY_SPECIFIED',0,NULL,NULL,NULL,'8810b96d-47a1-4d7f-9a82-6a8d3faad981',NULL,NULL),(1136238,1000243,'Sex of other Kit User','en',1,1,'2021-02-13 14:23:46','FULLY_SPECIFIED',0,NULL,NULL,NULL,'047dc2fe-da4c-4e1e-97a9-451dcae77bed',NULL,NULL),(1136239,1000244,'Secondary Kit user HIV Test result','en',1,1,'2021-02-13 14:33:29','FULLY_SPECIFIED',0,NULL,NULL,NULL,'204c59dd-eafe-4163-ae09-e470f386cf57',NULL,NULL),(1136240,1000245,'INVALID RESULT','en',1,1,'2021-02-13 14:34:58','FULLY_SPECIFIED',0,NULL,NULL,NULL,'4266a0d4-2a7d-4ef3-8165-1b149d87ccc6',NULL,NULL),(1136241,1000245,'INV','en',0,1,'2021-02-13 14:34:58','SHORT',0,NULL,NULL,NULL,'f10f2838-0cba-4f9c-8b59-4eac6ac17bcd',NULL,NULL),(1136242,1000246,'Secondary Kit user Confirmatory test result','en',1,1,'2021-02-13 14:38:27','FULLY_SPECIFIED',0,NULL,NULL,NULL,'3ac14a3e-5b77-4b9b-ac0a-1bd98fcde227',NULL,NULL),(1136243,1000247,'HIVST Result','en',1,1,'2021-02-13 14:43:56','FULLY_SPECIFIED',0,NULL,NULL,NULL,'555bdc05-3412-48ee-ac09-19ef396b66c4',NULL,NULL),(1136244,1000248,'HIVST Confirmatory Result','en',1,1,'2021-02-13 14:45:33','FULLY_SPECIFIED',0,NULL,NULL,NULL,'4fdf4c3b-ee08-4945-8cb9-7c9f14911441',NULL,NULL),(1136245,1000249,'HIV Negative linked to care','en',1,1,'2021-02-14 10:35:41','FULLY_SPECIFIED',0,NULL,NULL,NULL,'1b5bb1a3-8fbd-4600-a8e1-f54d2a4c354c',NULL,NULL),(1136246,1000250,'Decline Refferal','en',1,1,'2021-02-14 10:36:14','FULLY_SPECIFIED',0,NULL,NULL,NULL,'8aaf98bc-33dc-4870-9651-75f160e5d7ab',NULL,NULL),(1136247,1000251,'Other HIV negative linked to care','en',1,1,'2021-02-14 10:36:59','FULLY_SPECIFIED',0,NULL,NULL,NULL,'054bedd2-b40d-4d69-a799-f7515a7e8b2e',NULL,NULL),(1136248,1000252,'HIV Positive Linked to Care','en',1,1,'2021-02-14 10:41:56','FULLY_SPECIFIED',0,NULL,NULL,NULL,'bc07c862-433c-4d0f-bdd8-3822beb82a64',NULL,NULL),(1136249,1000253,'Linked to care','en',1,1,'2021-02-14 10:42:23','FULLY_SPECIFIED',0,NULL,NULL,NULL,'6d812281-0451-4237-b092-49d746f0b890',NULL,NULL),(1136250,1000254,'Initiated on ART','en',1,1,'2021-02-14 10:50:28','FULLY_SPECIFIED',0,NULL,NULL,NULL,'e472d792-3afa-4554-bee4-c3384185c0e8',NULL,NULL),(1136251,1000255,'Clients reaction to result of HIVST','en',1,1,'2021-02-14 11:39:30','FULLY_SPECIFIED',0,NULL,NULL,NULL,'99e33c89-9cd8-42d0-b15b-ac352948a15f',NULL,NULL),(1136252,1000256,'Self Harm','en',1,1,'2021-02-14 11:39:53','FULLY_SPECIFIED',0,NULL,NULL,NULL,'4caf5385-7a20-44f8-a3fc-824e46b879ae',NULL,NULL),(1136253,1000257,'Suicidal ideation','en',1,1,'2021-02-14 11:40:15','FULLY_SPECIFIED',0,NULL,NULL,NULL,'bce55d83-ce50-4149-b771-1d05207cc677',NULL,NULL),(1136254,1000258,'Gender Based Violence','en',1,1,'2021-02-14 11:41:18','FULLY_SPECIFIED',0,NULL,NULL,NULL,'b6e889d9-b0f9-4afe-94e7-ef71f8a0b949',NULL,NULL),(1136255,1000258,'GBV','en',0,1,'2021-02-14 11:41:18','SHORT',0,NULL,NULL,NULL,'aa0aca51-28e9-4659-ac24-3dbe1bc16284',NULL,NULL),(1136256,1000259,'Other Reaction of Client on HIVST result','en',1,1,'2021-02-14 11:42:02','FULLY_SPECIFIED',0,NULL,NULL,NULL,'52843780-2440-4dc2-ac80-978c597692f2',NULL,NULL);
/*!40000 ALTER TABLE `concept_name` ENABLE KEYS */;
UNLOCK TABLES;

--
-- Dumping data for table `concept_numeric`
--

LOCK TABLES `concept_numeric` WRITE;
/*!40000 ALTER TABLE `concept_numeric` DISABLE KEYS */;
INSERT INTO `concept_numeric` VALUES (1000056,NULL,NULL,NULL,NULL,NULL,NULL,NULL,0,NULL),(1000057,NULL,NULL,NULL,NULL,NULL,NULL,NULL,0,NULL),(1000132,10,NULL,NULL,0,NULL,NULL,NULL,0,NULL),(1000155,NULL,NULL,NULL,NULL,NULL,NULL,NULL,1,NULL),(1000167,NULL,NULL,NULL,NULL,NULL,NULL,NULL,0,NULL);
/*!40000 ALTER TABLE `concept_numeric` ENABLE KEYS */;
UNLOCK TABLES;
/*!40103 SET TIME_ZONE=@OLD_TIME_ZONE */;

/*!40101 SET SQL_MODE=@OLD_SQL_MODE */;
/*!40014 SET FOREIGN_KEY_CHECKS=@OLD_FOREIGN_KEY_CHECKS */;
/*!40014 SET UNIQUE_CHECKS=@OLD_UNIQUE_CHECKS */;
/*!40101 SET CHARACTER_SET_CLIENT=@OLD_CHARACTER_SET_CLIENT */;
/*!40101 SET CHARACTER_SET_RESULTS=@OLD_CHARACTER_SET_RESULTS */;
/*!40101 SET COLLATION_CONNECTION=@OLD_COLLATION_CONNECTION */;
/*!40111 SET SQL_NOTES=@OLD_SQL_NOTES */;

-- Dump completed on 2021-06-01 16:09:00
